create_time,symbol,sum_open_interest,sum_open_interest_value,count_toptrader_long_short_ratio,sum_toptrader_long_short_ratio,count_long_short_ratio,sum_taker_long_short_vol_ratio
2026-08-29 00:50:00,ENAUSDT,603391953.0000000000000000,98736090.5005112400000000,1.65539715,1.38562000,1.59255645,1.87056100
2026-08-29 01:25:00,ENAUSDT,598897467.0000000000000000,96750795.8004600600000000,1.67544762,1.37751600,1.60314563,1.18935100
2026-08-29 02:10:00,ENAUSDT,596380035.0000000000000000,95092796.5807500000000000,1.62186203,1.34911300,1.57577434,0.95279300
2026-08-29 02:15:00,ENAUSDT,594631270.0000000000000000,94443191.5120296000000000,1.62517344,1.34088200,1.58375000,0.39663100
2026-08-29 03:30:00,ENAUSDT,603950448.0000000000000000,98884806.8510400000000000,1.59065128,1.37166800,1.56931787,0.77205800
2026-08-29 04:05:00,ENAUSDT,606145553.0000000000000000,97562763.6286680000000000,1.61369917,1.37648000,1.57663525,2.51716200
2026-08-29 09:40:00,ENAUSDT,604799813.0000000000000000,94525487.2853604700000000,1.64481860,1.37984900,1.61721948,0.83827100
2026-08-29 10:05:00,ENAUSDT,603756438.0000000000000000,93922585.3941006000000000,1.64124124,1.36754900,1.61104070,0.89224100
2026-08-29 12:50:00,ENAUSDT,601228297.0000000000000000,93232472.0157900000000000,1.63034317,1.33403000,1.57675713,1.54767100
2026-08-29 14:05:00,ENAUSDT,602977050.0000000000000000,93885926.5336590000000000,1.63272727,1.34788400,1.57425326,1.02688200
2026-08-29 14:25:00,ENAUSDT,604843657.0000000000000000,93738669.9618600000000000,1.63564637,1.35396600,1.58320417,1.33738600
2026-08-29 21:10:00,ENAUSDT,607258202.0000000000000000,94776566.8526718600000000,1.66008637,1.33443100,1.58740961,1.14697900
2026-08-29 21:40:00,ENAUSDT,608040768.0000000000000000,95168510.1511948900000000,1.64640884,1.34142900,1.57821978,0.56844200
2026-08-29 04:20:00,ENAUSDT,605256477.0000000000000000,97900235.1547500000000000,1.60393314,1.37713500,1.56789953,1.62275100
2026-08-29 05:30:00,ENAUSDT,607245191.0000000000000000,98946280.2876900700000000,1.59714062,1.36676400,1.57403567,2.09028800
2026-08-29 08:30:00,ENAUSDT,598026682.0000000000000000,93447583.5463849800000000,1.64000000,1.35312200,1.60389886,0.77694500
2026-08-29 09:55:00,ENAUSDT,606320890.0000000000000000,95040799.5075000000000000,1.64434226,1.37759000,1.61233666,0.89218000
2026-08-29 10:55:00,ENAUSDT,602326641.0000000000000000,93318466.4901300000000000,1.64540149,1.35175400,1.60509644,0.44611400
2026-08-29 11:10:00,ENAUSDT,602410366.0000000000000000,93602522.6690800000000000,1.65484586,1.35163100,1.60581379,0.79266800
2026-08-29 11:20:00,ENAUSDT,602876082.0000000000000000,93397562.6234400000000000,1.64746035,1.34786200,1.59456067,1.04657100
2026-08-29 12:55:00,ENAUSDT,600780318.0000000000000000,93134893.4011807700000000,1.63358779,1.33364600,1.58310095,2.17409600
2026-08-29 13:55:00,ENAUSDT,602671383.0000000000000000,93622124.6065531000000000,1.62369268,1.33848700,1.56889324,1.65165800
2026-08-29 14:10:00,ENAUSDT,603126378.0000000000000000,93936933.3735000000000000,1.63675041,1.35098500,1.57880664,1.20075800
2026-08-29 15:45:00,ENAUSDT,607346580.0000000000000000,95426294.6496000000000000,1.62451718,1.34637000,1.57665061,1.95413000
2026-08-29 17:20:00,ENAUSDT,609434241.0000000000000000,95742119.2611000000000000,1.63000610,1.34612000,1.58368674,1.66744400
2026-08-29 00:15:00,ENAUSDT,603354963.0000000000000000,98714905.4964300000000000,1.67843137,1.37869100,1.61366846,1.01021500
2026-08-29 00:20:00,ENAUSDT,603811878.0000000000000000,98831928.1910400000000000,1.67697382,1.38425600,1.61230248,1.32739400
2026-08-29 02:25:00,ENAUSDT,594896879.0000000000000000,94303053.2590800000000000,1.61533900,1.34035000,1.57042156,0.99026600
2026-08-29 17:50:00,ENAUSDT,606580586.0000000000000000,95105770.0789400000000000,1.63267387,1.34380900,1.58006513,0.89465700
2026-08-29 18:20:00,ENAUSDT,605983214.0000000000000000,94533381.3840000000000000,1.64908680,1.34300600,1.59194421,1.05860700
2026-08-29 20:05:00,ENAUSDT,606542156.0000000000000000,94675165.1300400000000000,1.66247941,1.33435700,1.59769625,0.99192900
2026-08-29 21:05:00,ENAUSDT,606784782.0000000000000000,94725172.3180200000000000,1.66077303,1.33297100,1.58862734,1.07091100
2026-08-29 21:35:00,ENAUSDT,608196362.0000000000000000,95661928.5666198000000000,1.64371808,1.33941500,1.57879130,1.34850700
2026-08-29 23:15:00,ENAUSDT,601324917.0000000000000000,95753338.1660565900000000,1.64084652,1.33058900,1.59067506,0.88135500
2026-08-29 02:05:00,ENAUSDT,595573177.0000000000000000,95159383.8715341400000000,1.62893954,1.34644900,1.58705016,1.47936600
2026-08-29 02:20:00,ENAUSDT,594649263.0000000000000000,94127031.8402700000000000,1.61657109,1.33593100,1.57935627,0.55343000
2026-08-29 02:45:00,ENAUSDT,596215300.0000000000000000,95340788.6230000000000000,1.62549407,1.34564900,1.58402547,1.06700500
2026-08-29 04:25:00,ENAUSDT,605215358.0000000000000000,97412698.1894939400000000,1.60981861,1.37670100,1.57366164,0.73419100
2026-08-29 08:25:00,ENAUSDT,597185201.0000000000000000,93955147.6733300000000000,1.64350271,1.34975800,1.61145686,1.10065900
2026-08-29 09:10:00,ENAUSDT,602582511.0000000000000000,93707606.2856100000000000,1.64633655,1.37752900,1.60253521,0.73865900
2026-08-29 09:25:00,ENAUSDT,603667525.0000000000000000,94177059.8270040000000000,1.64621883,1.37686500,1.60222160,0.89520200
2026-08-29 12:05:00,ENAUSDT,601420415.0000000000000000,93039738.2005000000000000,1.63863179,1.33171300,1.58404359,0.60413200
2026-08-29 12:20:00,ENAUSDT,601690824.0000000000000000,93105638.1057600000000000,1.64606061,1.33266100,1.59164798,0.67473800
2026-08-29 14:00:00,ENAUSDT,602436170.0000000000000000,93439265.6919995000000000,1.63143030,1.34506700,1.57611438,0.71682700
2026-08-29 16:05:00,ENAUSDT,608059212.0000000000000000,95714600.5609200000000000,1.61546246,1.34036300,1.56965770,1.95252900
2026-08-29 16:15:00,ENAUSDT,606068008.0000000000000000,95673895.7428800000000000,1.62606405,1.34164400,1.57581736,1.23800400
2026-08-29 18:40:00,ENAUSDT,605162595.0000000000000000,94359675.0440775000000000,1.65850144,1.33860300,1.59672365,0.92524900
2026-08-29 22:50:00,ENAUSDT,602732725.0000000000000000,96520593.9358675000000000,1.63386634,1.33760100,1.58449900,1.67587500
2026-08-29 09:45:00,ENAUSDT,605005921.0000000000000000,94780227.5838600000000000,1.64227155,1.37940900,1.61031478,1.03562000
2026-08-29 10:35:00,ENAUSDT,601211456.0000000000000000,93195236.7141689700000000,1.63683893,1.35455200,1.60571348,0.60801500
2026-08-29 10:40:00,ENAUSDT,600707628.0000000000000000,93396309.9847002000000000,1.64038616,1.35430500,1.60344098,1.13778400
2026-08-29 13:15:00,ENAUSDT,600721076.0000000000000000,93009644.1970800000000000,1.63490149,1.33514300,1.58132404,1.44959500
2026-08-29 15:25:00,ENAUSDT,606841140.0000000000000000,95230560.6070848000000000,1.62743902,1.33904600,1.59395063,0.42712200
2026-08-29 16:45:00,ENAUSDT,609185338.0000000000000000,95830945.5207800000000000,1.62824149,1.35626200,1.57604723,0.85258400
2026-08-29 17:15:00,ENAUSDT,608910050.0000000000000000,95874975.9339715000000000,1.62809582,1.34628300,1.58378073,2.39579900
2026-08-29 18:15:00,ENAUSDT,605919317.0000000000000000,94358524.6282647800000000,1.64738462,1.34255900,1.59282460,1.17250500
2026-08-29 20:40:00,ENAUSDT,606630871.0000000000000000,94573752.7889000000000000,1.66179197,1.33275800,1.59294553,0.85406600
2026-08-29 22:15:00,ENAUSDT,606111007.0000000000000000,95044267.0076700000000000,1.64432144,1.34370600,1.58093347,0.97722100
2026-08-29 03:05:00,ENAUSDT,597287559.0000000000000000,96382758.3668033600000000,1.61951798,1.34924500,1.58661855,2.20881400
2026-08-29 03:15:00,ENAUSDT,597595388.0000000000000000,96655078.0551200000000000,1.62173397,1.34965700,1.59476031,0.78281100
2026-08-29 06:15:00,ENAUSDT,608471900.0000000000000000,98274296.5690000000000000,1.58657797,1.37345500,1.57553059,1.12196200
2026-08-29 07:10:00,ENAUSDT,602227085.0000000000000000,96229865.9121500000000000,1.61982161,1.36927300,1.59630200,1.05744400
2026-08-29 07:35:00,ENAUSDT,603949284.0000000000000000,96575989.9337658000000000,1.62877583,1.37120800,1.60569905,1.27509200
2026-08-29 09:15:00,ENAUSDT,602777516.0000000000000000,94038036.3550509200000000,1.64547284,1.37822200,1.60233671,1.41023000
2026-08-29 09:20:00,ENAUSDT,602773601.0000000000000000,93880891.3077961800000000,1.64653784,1.37779900,1.60120973,0.87466200
2026-08-29 10:00:00,ENAUSDT,605056839.0000000000000000,94243653.2426400000000000,1.64191353,1.37336300,1.61386697,0.69126400
2026-08-29 11:30:00,ENAUSDT,603197547.0000000000000000,93622291.2698700000000000,1.63189448,1.33371500,1.59055447,2.64857400
2026-08-29 12:40:00,ENAUSDT,601958133.0000000000000000,93202225.1395414200000000,1.63813935,1.33074300,1.58525346,0.53202100
2026-08-29 14:40:00,ENAUSDT,605270560.0000000000000000,95033209.8322032000000000,1.63527744,1.34686100,1.58457183,1.38878000
2026-08-29 15:10:00,ENAUSDT,606289083.0000000000000000,95577987.7727227500000000,1.61348950,1.33922000,1.57656892,0.81270600
2026-08-29 16:10:00,ENAUSDT,608668033.0000000000000000,96589530.1567700000000000,1.61415571,1.33784900,1.56593948,1.53323200
2026-08-29 16:50:00,ENAUSDT,608709662.0000000000000000,95279448.5671010500000000,1.63808554,1.35467500,1.58732852,0.65271600
2026-08-29 17:05:00,ENAUSDT,608360543.0000000000000000,95318507.8197558500000000,1.63814580,1.34806600,1.59188307,0.81159900
2026-08-29 18:05:00,ENAUSDT,606549569.0000000000000000,94371992.0444599400000000,1.64392543,1.34431500,1.58532084,0.63920900
2026-08-29 00:35:00,ENAUSDT,603868871.0000000000000000,98497051.5488100000000000,1.67112299,1.38392000,1.60216110,1.01951200
2026-08-29 02:00:00,ENAUSDT,596052842.0000000000000000,95511507.4020800000000000,1.62354105,1.34760500,1.58560311,1.08681600
2026-08-29 05:50:00,ENAUSDT,608646860.0000000000000000,99008584.7162000000000000,1.58983382,1.36886900,1.57279269,0.70721800
2026-08-29 07:15:00,ENAUSDT,603166065.0000000000000000,96765847.3647009000000000,1.62059406,1.37319000,1.59510832,1.08192300
2026-08-29 07:40:00,ENAUSDT,604231169.0000000000000000,96247982.9100100000000000,1.63101392,1.37215600,1.60780460,0.99359500
2026-08-29 09:35:00,ENAUSDT,604999696.0000000000000000,94809320.8602512000000000,1.64204204,1.37949400,1.61298957,1.47519900
2026-08-29 15:55:00,ENAUSDT,606638873.0000000000000000,94889372.6974660600000000,1.64395335,1.34349200,1.59336277,0.60058700
2026-08-29 17:10:00,ENAUSDT,608641428.0000000000000000,95508012.8817600000000000,1.63560359,1.34510200,1.58877710,2.62765200
2026-08-29 19:35:00,ENAUSDT,605338280.0000000000000000,94653810.9529420000000000,1.65701970,1.33125000,1.59991472,1.17564400
2026-08-29 22:05:00,ENAUSDT,605987363.0000000000000000,95513734.4576357300000000,1.63946830,1.34293200,1.57636235,1.97753400
2026-08-29 22:10:00,ENAUSDT,606081264.0000000000000000,95182238.1725097600000000,1.64075286,1.34239900,1.57500708,1.30694700
2026-08-29 00:30:00,ENAUSDT,603163115.0000000000000000,98279397.9581000000000000,1.67773881,1.38247600,1.61136171,0.79344100
2026-08-29 02:30:00,ENAUSDT,595128493.0000000000000000,94476648.2637500000000000,1.62309670,1.34265800,1.58056478,1.38530600
2026-08-29 03:10:00,ENAUSDT,596835411.0000000000000000,96452410.2275221800000000,1.62240253,1.35106500,1.59651325,1.55586100
2026-08-29 03:55:00,ENAUSDT,604523473.0000000000000000,96640083.5861020700000000,1.61728639,1.37294000,1.58350716,0.53184600
2026-08-29 07:20:00,ENAUSDT,604122959.0000000000000000,96431496.1983857000000000,1.62475208,1.37294100,1.60176495,0.46261800
2026-08-29 09:00:00,ENAUSDT,601316605.0000000000000000,93893657.6444479500000000,1.65098910,1.37556000,1.59974605,1.53126000
2026-08-29 11:05:00,ENAUSDT,602576009.0000000000000000,93422028.6393397500000000,1.65303244,1.35347500,1.60418422,0.82552200
2026-08-29 13:25:00,ENAUSDT,601927444.0000000000000000,93127078.0936967600000000,1.63594285,1.33980500,1.58443917,1.31568400
2026-08-29 13:30:00,ENAUSDT,602442615.0000000000000000,93192064.9936914000000000,1.63303859,1.33770100,1.58163550,1.29168600
2026-08-29 13:35:00,ENAUSDT,602498396.0000000000000000,93260726.7168400000000000,1.63488232,1.33919500,1.57827966,1.02968100
2026-08-29 14:15:00,ENAUSDT,604132734.0000000000000000,93759267.7282489800000000,1.63474388,1.35159000,1.57709623,0.83309300
2026-08-29 15:00:00,ENAUSDT,605563418.0000000000000000,95618185.1430277200000000,1.61656877,1.33826600,1.58122333,0.82616200
2026-08-29 16:55:00,ENAUSDT,608197181.0000000000000000,95188940.7983100000000000,1.63771662,1.35226800,1.58870168,0.96576300
2026-08-29 18:00:00,ENAUSDT,606366303.0000000000000000,94647716.2352700000000000,1.64515468,1.34325000,1.58778409,0.51637000
2026-08-29 18:25:00,ENAUSDT,605939765.0000000000000000,94294340.5686778400000000,1.65106732,1.34287900,1.59336749,0.83359400
2026-08-29 20:45:00,ENAUSDT,606526123.0000000000000000,94514965.7470900000000000,1.65871220,1.33255100,1.59189765,0.94104100
2026-08-29 21:45:00,ENAUSDT,608187631.0000000000000000,95418557.4275900000000000,1.64661346,1.34179300,1.57886569,1.93603100
2026-08-29 23:50:00,ENAUSDT,603702800.0000000000000000,96314744.7120000000000000,1.64212469,1.33862500,1.58857959,0.65026600
2026-08-29 01:15:00,ENAUSDT,600195816.0000000000000000,97039659.5308800000000000,1.66536725,1.38083800,1.59871094,0.99365600
2026-08-29 01:35:00,ENAUSDT,598655021.0000000000000000,96683647.9547302400000000,1.68260511,1.37619900,1.60266293,0.89477600
2026-08-29 03:35:00,ENAUSDT,606782589.0000000000000000,98391186.3384788000000000,1.59760408,1.37324200,1.57566519,0.47223600
2026-08-29 04:10:00,ENAUSDT,605623343.0000000000000000,98020483.2698555100000000,1.61311994,1.37813600,1.58318277,0.98440900
2026-08-29 04:15:00,ENAUSDT,605294430.0000000000000000,97434777.0561984000000000,1.61070512,1.37704600,1.57530830,0.78391000
2026-08-29 04:40:00,ENAUSDT,606359506.0000000000000000,97084220.5056600000000000,1.61694581,1.36982200,1.58677571,0.94915900
2026-08-29 00:40:00,ENAUSDT,603926348.0000000000000000,98563986.8425078800000000,1.67649485,1.38518500,1.60576247,0.99767900
2026-08-29 01:00:00,ENAUSDT,601182382.0000000000000000,97087449.7997129400000000,1.66974738,1.38529500,1.60112202,0.45193800
2026-08-29 01:20:00,ENAUSDT,599112305.0000000000000000,96630823.6734500000000000,1.67372098,1.37683700,1.60384777,0.41370300
2026-08-29 01:30:00,ENAUSDT,598544306.0000000000000000,96888509.6008354900000000,1.67682174,1.37684300,1.59789916,1.46684900
2026-08-29 02:40:00,ENAUSDT,595835143.0000000000000000,95029746.9570700000000000,1.62147227,1.34352200,1.58224868,0.68531400
2026-08-29 06:40:00,ENAUSDT,601071759.0000000000000000,96309727.9445700000000000,1.60769990,1.35630700,1.58534543,1.14145000
2026-08-29 06:45:00,ENAUSDT,600901055.0000000000000000,96409857.2014682400000000,1.60500887,1.36115900,1.58682300,1.86540700
2026-08-29 06:50:00,ENAUSDT,600916454.0000000000000000,96374980.8925200000000000,1.61245059,1.36213000,1.59368009,0.56429400
2026-08-29 10:45:00,ENAUSDT,600876297.0000000000000000,93496351.8132000000000000,1.63561534,1.35534200,1.59348681,1.36532000
2026-08-29 08:20:00,ENAUSDT,597330465.0000000000000000,94199510.1147859500000000,1.64005630,1.34886600,1.60651558,1.29112600
2026-08-29 10:20:00,ENAUSDT,602775082.0000000000000000,94165523.3100400000000000,1.65118617,1.36145300,1.62280702,0.82210600
2026-08-29 10:50:00,ENAUSDT,602008697.0000000000000000,93992027.2285239500000000,1.63607150,1.36124800,1.58946336,1.91648900
2026-08-29 13:10:00,ENAUSDT,600530371.0000000000000000,92966521.3343305600000000,1.63260389,1.33313700,1.57872755,0.89896200
2026-08-29 17:55:00,ENAUSDT,606150360.0000000000000000,95032253.4408000000000000,1.63459967,1.34086100,1.58179756,0.61712600
2026-08-29 19:25:00,ENAUSDT,605940966.0000000000000000,95144850.4813200000000000,1.64642127,1.33446900,1.59157925,0.92954900
2026-08-29 21:15:00,ENAUSDT,607434649.0000000000000000,94917738.2527400000000000,1.65667351,1.33352100,1.58758503,1.76048000
2026-08-29 22:45:00,ENAUSDT,603530983.0000000000000000,96217691.5876916300000000,1.63148224,1.33570400,1.58229107,1.17425400
2026-08-29 23:40:00,ENAUSDT,601823352.0000000000000000,95691917.0397621500000000,1.64447185,1.33614200,1.59524492,0.57812800
2026-08-29 13:40:00,ENAUSDT,602379600.0000000000000000,93281432.7200400000000000,1.63455350,1.33837600,1.58024002,1.34355400
2026-08-29 20:00:00,ENAUSDT,606038903.0000000000000000,94551783.6716151000000000,1.66233766,1.33309300,1.60048426,1.56114200
2026-08-29 21:50:00,ENAUSDT,608306930.0000000000000000,95419821.9218783000000000,1.64918033,1.34205100,1.58115553,1.68016300
2026-08-29 22:25:00,ENAUSDT,606166189.0000000000000000,95690425.0780613000000000,1.63649367,1.34406600,1.57066215,1.07988900
2026-08-29 05:15:00,ENAUSDT,607252359.0000000000000000,99752051.5654053200000000,1.59538702,1.36872300,1.57336281,0.71289300
2026-08-29 07:00:00,ENAUSDT,601021495.0000000000000000,96757344.6004992000000000,1.61571966,1.36462500,1.59812299,0.94438900
2026-08-29 07:05:00,ENAUSDT,601596788.0000000000000000,96143631.1892071700000000,1.62455304,1.36858000,1.60534083,0.47259800
2026-08-29 09:05:00,ENAUSDT,601786805.0000000000000000,93629451.3960287600000000,1.65501919,1.37780500,1.60838865,0.66585500
2026-08-29 10:25:00,ENAUSDT,602708125.0000000000000000,93962196.6875000000000000,1.64444891,1.36140700,1.61561265,2.17656200
2026-08-29 11:25:00,ENAUSDT,603236808.0000000000000000,93525834.7123200000000000,1.64453360,1.34388500,1.59503556,2.99222100
2026-08-29 12:30:00,ENAUSDT,601717508.0000000000000000,93044252.1856489600000000,1.63846928,1.33241900,1.57913820,1.37578900
2026-08-29 13:50:00,ENAUSDT,602445078.0000000000000000,93510512.8994289600000000,1.62354125,1.33650100,1.56939203,2.06093900
2026-08-29 14:35:00,ENAUSDT,605383433.0000000000000000,94227931.3464500000000000,1.63028098,1.34779600,1.57209041,1.39157100
2026-08-29 23:00:00,ENAUSDT,602711595.0000000000000000,96192770.5620000000000000,1.65091809,1.33657800,1.60212735,1.03781900
2026-08-29 23:45:00,ENAUSDT,603156648.0000000000000000,96239674.7548800000000000,1.63804058,1.33823600,1.58252566,1.53812900
2026-08-29 04:00:00,ENAUSDT,605503690.0000000000000000,97040903.5569644000000000,1.62143423,1.37430500,1.58174746,1.48975600
2026-08-29 05:35:00,ENAUSDT,608475426.0000000000000000,99870148.6708840100000000,1.58913213,1.36954900,1.56748170,1.44785400
2026-08-29 07:55:00,ENAUSDT,603778853.0000000000000000,95911737.9816628000000000,1.63479125,1.36276000,1.60951980,1.01389300
2026-08-29 08:45:00,ENAUSDT,600068814.0000000000000000,93136680.6209400000000000,1.63713250,1.36417900,1.59044128,0.65820300
2026-08-29 08:55:00,ENAUSDT,600427511.0000000000000000,93170018.0789008000000000,1.64507667,1.36616900,1.59754376,1.06221000
2026-08-29 09:30:00,ENAUSDT,603447918.0000000000000000,94332354.4030130400000000,1.64910517,1.37537400,1.61266215,1.10505800
2026-08-29 10:10:00,ENAUSDT,603280967.0000000000000000,93930472.5277004500000000,1.63747251,1.36241500,1.60793137,0.69284600
2026-08-29 10:30:00,ENAUSDT,602192394.0000000000000000,93600076.5788389100000000,1.64543994,1.35903500,1.61600339,0.74495700
2026-08-29 17:25:00,ENAUSDT,609041564.0000000000000000,95241919.7783200000000000,1.63708690,1.34321200,1.59136732,0.59623700
2026-08-29 17:40:00,ENAUSDT,606261358.0000000000000000,94830352.7862106600000000,1.64720344,1.34169700,1.59416370,1.30481600
2026-08-29 18:30:00,ENAUSDT,605630754.0000000000000000,94246023.1599977500000000,1.65277207,1.34180900,1.59459075,1.03556400
2026-08-29 18:50:00,ENAUSDT,605412669.0000000000000000,94509494.5506776400000000,1.65795969,1.33810300,1.59624146,1.03541300
2026-08-29 19:05:00,ENAUSDT,605352687.0000000000000000,94902702.5509224500000000,1.64376278,1.33549400,1.58565963,2.58777900
2026-08-29 19:30:00,ENAUSDT,605629038.0000000000000000,94800366.9702486500000000,1.65701970,1.33299300,1.59900498,0.80028500
2026-08-29 21:55:00,ENAUSDT,607476219.0000000000000000,94177038.2315700000000000,1.67148760,1.34531300,1.60136869,0.38036000
2026-08-29 22:20:00,ENAUSDT,605942589.0000000000000000,95362390.2777695000000000,1.63352389,1.34349400,1.57102473,1.37928800
2026-08-29 03:40:00,ENAUSDT,607122208.0000000000000000,98719667.7522070400000000,1.58720250,1.37381100,1.56819749,2.13929400
2026-08-29 04:55:00,ENAUSDT,606216563.0000000000000000,97261385.3677200000000000,1.61673228,1.36798200,1.58328722,1.14439400
2026-08-29 00:55:00,ENAUSDT,603485991.0000000000000000,98307867.9339000000000000,1.65952235,1.38557900,1.59603297,0.49645400
2026-08-29 03:00:00,ENAUSDT,596348734.0000000000000000,95916730.3765600000000000,1.62139185,1.34746100,1.58579553,2.15665700
2026-08-29 04:35:00,ENAUSDT,605748512.0000000000000000,97374261.0860387200000000,1.61220472,1.37755300,1.57654048,1.13009500
2026-08-29 05:20:00,ENAUSDT,606758773.0000000000000000,99089775.2186300000000000,1.59710258,1.36648000,1.57564014,0.73480500
2026-08-29 06:05:00,ENAUSDT,607724261.0000000000000000,98560094.6929911700000000,1.58709677,1.36997400,1.57463617,0.50157000
2026-08-29 06:55:00,ENAUSDT,601501546.0000000000000000,96901899.0606000000000000,1.60963095,1.36538600,1.58748083,2.18711000
2026-08-29 08:05:00,ENAUSDT,603893955.0000000000000000,95596413.0765000000000000,1.62852043,1.36305700,1.60720797,0.68090900
2026-08-29 08:10:00,ENAUSDT,604206564.0000000000000000,95143761.1320565200000000,1.63701635,1.35515300,1.61331265,0.72613400
2026-08-29 08:50:00,ENAUSDT,600447325.0000000000000000,93213442.7330000000000000,1.64233871,1.36762000,1.59790901,0.98643800
2026-08-29 06:30:00,ENAUSDT,601233077.0000000000000000,96576069.1585100000000000,1.60528391,1.35246900,1.58624058,0.71556700
2026-08-29 06:35:00,ENAUSDT,600921190.0000000000000000,96294525.9533715000000000,1.60853249,1.35366500,1.58684725,0.58883700
2026-08-29 13:45:00,ENAUSDT,602461744.0000000000000000,93405759.1590216000000000,1.63586957,1.33686400,1.58506920,0.60414400
2026-08-29 14:55:00,ENAUSDT,609460703.0000000000000000,96710991.7880787000000000,1.61253274,1.33701700,1.58015592,0.81154300
2026-08-29 15:30:00,ENAUSDT,605370711.0000000000000000,94831321.8781500000000000,1.63445035,1.34024900,1.58917607,0.50651200
2026-08-29 01:40:00,ENAUSDT,598505907.0000000000000000,96186584.5658812000000000,1.62621455,1.35730900,1.59589615,0.71804900
2026-08-29 02:35:00,ENAUSDT,595552449.0000000000000000,95194306.4641069800000000,1.61945157,1.34288800,1.57741222,1.70448100
2026-08-29 13:00:00,ENAUSDT,600533569.0000000000000000,92884527.1172300000000000,1.62994180,1.33434300,1.58148613,1.23187500
2026-08-29 13:20:00,ENAUSDT,602423206.0000000000000000,93303306.1452800000000000,1.63715033,1.33873400,1.58575419,0.41905200
2026-08-29 17:00:00,ENAUSDT,608674200.0000000000000000,95555762.6580000000000000,1.63371382,1.34972400,1.58686111,3.04299300
2026-08-29 17:35:00,ENAUSDT,606517760.0000000000000000,94713813.4016000000000000,1.64585466,1.33997000,1.59155530,1.12325800
2026-08-29 19:15:00,ENAUSDT,605973489.0000000000000000,95095419.6287700000000000,1.64756447,1.33440000,1.59406503,0.81629800
2026-08-29 19:45:00,ENAUSDT,605779804.0000000000000000,94802376.6920997200000000,1.65298584,1.33173600,1.59789563,0.98397800
2026-08-29 20:25:00,ENAUSDT,606855031.0000000000000000,94629326.3354037000000000,1.66131687,1.33405700,1.59171514,1.35269800
2026-08-29 22:35:00,ENAUSDT,603334747.0000000000000000,95948922.1168095300000000,1.62319430,1.33840200,1.56632293,1.35739500
2026-08-29 19:10:00,ENAUSDT,605719123.0000000000000000,95188760.1794500000000000,1.63957525,1.33476200,1.58017534,2.33259200
2026-08-29 03:25:00,ENAUSDT,600356527.0000000000000000,97907403.1718667000000000,1.60094266,1.36170200,1.57980863,1.75901900
2026-08-29 19:20:00,ENAUSDT,605907605.0000000000000000,94991491.9639817000000000,1.64804584,1.33441800,1.59056122,1.25638000
2026-08-29 20:20:00,ENAUSDT,606581274.0000000000000000,94590283.8675600000000000,1.66029200,1.33411000,1.59064493,1.31381400
2026-08-29 05:10:00,ENAUSDT,606245220.0000000000000000,100109273.1786000000000000,1.59717868,1.37041100,1.56988652,1.29882300
2026-08-29 05:40:00,ENAUSDT,608787185.0000000000000000,99486905.9557670000000000,1.58987886,1.37088800,1.57219842,0.70039900
2026-08-29 06:10:00,ENAUSDT,608434951.0000000000000000,98560377.7124900000000000,1.58476563,1.37205300,1.56933499,1.49115800
2026-08-29 08:15:00,ENAUSDT,598405824.0000000000000000,93949828.0651065600000000,1.63319302,1.34092800,1.60073467,0.70380500
2026-08-29 09:50:00,ENAUSDT,605729395.0000000000000000,95020770.1936500000000000,1.64420000,1.37852400,1.61236824,1.35896000
2026-08-29 11:45:00,ENAUSDT,600900355.0000000000000000,92995338.9398000000000000,1.63634534,1.33249500,1.58187666,1.92758800
2026-08-29 12:15:00,ENAUSDT,602097700.0000000000000000,93661728.1562540000000000,1.64252572,1.33490900,1.58262327,1.53586900
2026-08-29 23:05:00,ENAUSDT,602779403.0000000000000000,96074995.7609639800000000,1.64510814,1.33524100,1.59744546,0.78742600
2026-08-29 15:15:00,ENAUSDT,608038365.0000000000000000,95863328.6259000000000000,1.60539019,1.33987000,1.56717891,1.35150000
2026-08-29 15:20:00,ENAUSDT,609403311.0000000000000000,96608706.8928300000000000,1.60264901,1.34140100,1.57092499,1.56054200
2026-08-29 15:35:00,ENAUSDT,604511138.0000000000000000,94388369.0873200000000000,1.64073695,1.33803800,1.59628040,0.80608400
2026-08-29 16:25:00,ENAUSDT,607064643.0000000000000000,95470561.3689272700000000,1.62971985,1.34340900,1.57539459,0.89424500
2026-08-29 17:45:00,ENAUSDT,606745210.0000000000000000,95216525.8053000000000000,1.63119266,1.34307100,1.57974504,2.01762300
2026-08-29 20:35:00,ENAUSDT,606469647.0000000000000000,94448817.3221896700000000,1.65987654,1.33289000,1.59152928,1.46828200
2026-08-29 22:40:00,ENAUSDT,603344029.0000000000000000,95792931.4843300000000000,1.63658686,1.33489900,1.58575499,1.56342400
2026-08-29 00:45:00,ENAUSDT,603482935.0000000000000000,98210812.8419000000000000,1.65539026,1.38698000,1.59074435,0.50954400
2026-08-29 01:05:00,ENAUSDT,599416542.0000000000000000,96913666.5105600000000000,1.66174964,1.38271900,1.59434886,1.67378800
2026-08-29 03:45:00,ENAUSDT,604620179.0000000000000000,97434541.8458500000000000,1.60388845,1.36830100,1.58406220,0.48745900
2026-08-29 05:05:00,ENAUSDT,606043900.0000000000000000,99585133.6480000000000000,1.59706458,1.37237200,1.56362636,1.77266900
2026-08-29 08:00:00,ENAUSDT,603931307.0000000000000000,95686876.2810800000000000,1.62938727,1.36371000,1.60422792,0.88703300
2026-08-29 11:55:00,ENAUSDT,601050707.0000000000000000,93114775.5284400000000000,1.63925196,1.33083500,1.58029859,1.43370600
2026-08-29 16:40:00,ENAUSDT,608861866.0000000000000000,95835387.4182234300000000,1.62629127,1.35548300,1.57492269,1.40971000
2026-08-29 17:30:00,ENAUSDT,606741407.0000000000000000,94317951.7181500000000000,1.65686073,1.33704400,1.60469108,0.52380700
2026-08-29 19:40:00,ENAUSDT,605747895.0000000000000000,94882617.8338203000000000,1.65170152,1.33277100,1.59398496,0.67931700
2026-08-29 19:50:00,ENAUSDT,605837828.0000000000000000,94681753.4203575300000000,1.65420945,1.33223500,1.59443340,0.95564500
2026-08-29 20:30:00,ENAUSDT,606391002.0000000000000000,94421142.9214200000000000,1.65987654,1.33234100,1.59249254,0.57218800
2026-08-29 21:00:00,ENAUSDT,607351881.0000000000000000,94522173.2400300000000000,1.65721332,1.33525800,1.58472655,1.24648900
2026-08-29 00:00:00,ENAUSDT,603717567.0000000000000000,99075854.4705188700000000,1.68280571,1.38234000,1.61512319,2.20508700
2026-08-29 03:50:00,ENAUSDT,604236438.0000000000000000,97257897.0604800000000000,1.60172820,1.36895400,1.56992814,1.21879600
2026-08-29 04:45:00,ENAUSDT,606404071.0000000000000000,97158060.2556200000000000,1.61456693,1.36874200,1.58327565,1.87292700
2026-08-29 06:00:00,ENAUSDT,609895585.0000000000000000,99075708.0964950000000000,1.58334958,1.37708500,1.56245696,0.41532900
2026-08-29 08:40:00,ENAUSDT,599452858.0000000000000000,93023783.8752267000000000,1.63758794,1.35991100,1.60361889,0.88145300
2026-08-29 11:35:00,ENAUSDT,603558881.0000000000000000,93545011.5496642400000000,1.63630905,1.33453300,1.58872651,1.06659600
2026-08-29 14:30:00,ENAUSDT,605285291.0000000000000000,93837378.6637300000000000,1.63776337,1.35202100,1.57713402,1.48276500
2026-08-29 15:40:00,ENAUSDT,604496909.0000000000000000,94537271.5985100000000000,1.64243293,1.33904200,1.59349129,1.18156900
2026-08-29 16:20:00,ENAUSDT,606180134.0000000000000000,95574372.8389270800000000,1.62345554,1.34327300,1.56978053,0.64995100
2026-08-29 16:35:00,ENAUSDT,608363128.0000000000000000,95489722.9554601600000000,1.63017872,1.35599000,1.57726440,0.34572400
2026-08-29 19:00:00,ENAUSDT,605210017.0000000000000000,94530451.7919058200000000,1.65714286,1.33745500,1.59564785,1.65211700
2026-08-29 20:50:00,ENAUSDT,606741367.0000000000000000,94481765.6692400000000000,1.65768914,1.33329200,1.58827704,1.70625700
2026-08-29 23:20:00,ENAUSDT,601751081.0000000000000000,95394906.8571868500000000,1.64125745,1.33181800,1.59075955,0.90484000
2026-08-29 23:35:00,ENAUSDT,602385126.0000000000000000,96129582.2232816000000000,1.63957307,1.33649200,1.59332952,0.82516300
2026-08-29 02:50:00,ENAUSDT,595850163.0000000000000000,95611326.7308109000000000,1.62556897,1.34711300,1.58367969,1.84085900
2026-08-29 04:30:00,ENAUSDT,605183523.0000000000000000,96971363.9418367100000000,1.61304948,1.37684500,1.57646571,0.85965800
2026-08-29 04:50:00,ENAUSDT,606606723.0000000000000000,97327482.7589117100000000,1.61955450,1.37027400,1.58267608,1.38206800
2026-08-29 06:20:00,ENAUSDT,599831926.0000000000000000,96404987.1467200000000000,1.60102503,1.34745400,1.58321698,0.92534500
2026-08-29 07:45:00,ENAUSDT,605073408.0000000000000000,96551987.2659456000000000,1.63043910,1.37453300,1.60417835,1.15288300
2026-08-29 07:50:00,ENAUSDT,604664505.0000000000000000,95990490.1687500000000000,1.63217478,1.36717500,1.60862238,0.46821800
2026-08-29 08:35:00,ENAUSDT,599218128.0000000000000000,93328223.4360000000000000,1.64007235,1.35630900,1.60460192,0.84154300
2026-08-29 11:00:00,ENAUSDT,602903216.0000000000000000,93498230.7372800000000000,1.64968794,1.35376800,1.59806533,1.04543600
2026-08-29 00:05:00,ENAUSDT,603751828.0000000000000000,99081712.4930800000000000,1.68044647,1.38108000,1.61286219,1.42876600
2026-08-29 01:10:00,ENAUSDT,599971514.0000000000000000,96921798.2576160000000000,1.66564103,1.38100000,1.59960746,0.76244800
2026-08-29 01:50:00,ENAUSDT,597253913.0000000000000000,95685308.8068778800000000,1.62025316,1.34820600,1.59030100,0.81327000
2026-08-29 05:45:00,ENAUSDT,609027183.0000000000000000,99406001.4753556800000000,1.59194053,1.37009100,1.56959403,0.91933400
2026-08-29 05:55:00,ENAUSDT,609225717.0000000000000000,99988342.2556498800000000,1.58382066,1.37060300,1.56484547,1.94077000
2026-08-29 11:50:00,ENAUSDT,600746473.0000000000000000,92959509.2320200000000000,1.63910682,1.32912100,1.58575825,0.63472100
2026-08-29 18:10:00,ENAUSDT,606177571.0000000000000000,94444532.6273171200000000,1.64426230,1.34355400,1.58846099,0.95172500
2026-08-29 18:55:00,ENAUSDT,605158121.0000000000000000,94313893.1578500000000000,1.65823566,1.33806700,1.59789264,1.08306200
2026-08-29 19:55:00,ENAUSDT,606269626.0000000000000000,94377992.6794200000000000,1.66103441,1.33457600,1.60205245,0.48857400
2026-08-29 22:00:00,ENAUSDT,606567765.0000000000000000,94851858.3472231500000000,1.66206186,1.34268400,1.58934659,1.66206000
2026-08-29 22:30:00,ENAUSDT,602963789.0000000000000000,95358723.2303500000000000,1.62764658,1.34461600,1.57017792,2.37548800
2026-08-29 23:25:00,ENAUSDT,601513114.0000000000000000,96007844.9728838400000000,1.63299939,1.33063700,1.58886510,1.37462000
2026-08-29 07:25:00,ENAUSDT,603913190.0000000000000000,96233566.8265000000000000,1.62870205,1.37178600,1.60562193,0.71361000
2026-08-29 10:15:00,ENAUSDT,602035043.0000000000000000,94230524.9303600000000000,1.64106677,1.36495700,1.61289867,1.24884100
2026-08-29 11:15:00,ENAUSDT,602612633.0000000000000000,93490788.2323182000000000,1.65143892,1.34885000,1.60527423,0.72458200
2026-08-29 12:10:00,ENAUSDT,601270258.0000000000000000,93443861.7484735000000000,1.63883300,1.33192900,1.58321698,1.62505700
2026-08-29 12:45:00,ENAUSDT,601654505.0000000000000000,93165634.5440153000000000,1.63987915,1.33133800,1.58336822,0.68376200
2026-08-29 13:05:00,ENAUSDT,600636275.0000000000000000,92936450.8307500000000000,1.62745491,1.33323400,1.57739421,1.10996300
2026-08-29 14:45:00,ENAUSDT,610255650.0000000000000000,96994033.0110000000000000,1.62760997,1.33661100,1.58698747,1.26446500
2026-08-29 15:50:00,ENAUSDT,607633982.0000000000000000,95173710.6006600000000000,1.63556554,1.34619000,1.58838599,0.65748900
2026-08-29 18:35:00,ENAUSDT,605206991.0000000000000000,94394134.3862700000000000,1.65521498,1.34060200,1.59595384,1.52519700
2026-08-29 20:15:00,ENAUSDT,606744877.0000000000000000,94754055.0745019900000000,1.66008637,1.33438000,1.59265040,1.46944500
2026-08-29 21:30:00,ENAUSDT,607985762.0000000000000000,94833619.1567600000000000,1.65109609,1.33718900,1.58233216,2.60980100
2026-08-29 22:55:00,ENAUSDT,602652950.0000000000000000,96080959.8185000000000000,1.63440640,1.33774500,1.59167024,0.39449200
2026-08-29 23:10:00,ENAUSDT,601081594.0000000000000000,95601552.6712407500000000,1.64137364,1.33079500,1.59212034,0.80890700
2026-08-29 23:30:00,ENAUSDT,601858406.0000000000000000,96050167.7312398600000000,1.64269571,1.33421300,1.59845006,1.22615400
2026-08-29 00:10:00,ENAUSDT,604074293.0000000000000000,98935287.7075400000000000,1.68181818,1.38074800,1.61554770,0.98307200
2026-08-29 02:55:00,ENAUSDT,596144131.0000000000000000,95542797.7799014400000000,1.63111992,1.34669000,1.59305073,1.06500100
2026-08-29 03:20:00,ENAUSDT,597609171.0000000000000000,97013297.1246129900000000,1.61313291,1.35283400,1.58832544,1.60833400
2026-08-29 07:30:00,ENAUSDT,604086323.0000000000000000,96376789.7739986600000000,1.62815168,1.37217900,1.60232689,1.26792100
2026-08-29 11:40:00,ENAUSDT,601229986.0000000000000000,92597732.8547063800000000,1.64954499,1.32911200,1.59639994,0.48869000
2026-08-29 12:00:00,ENAUSDT,601196671.0000000000000000,93232455.5009052300000000,1.63504823,1.33215800,1.57788314,1.45035300
2026-08-29 12:35:00,ENAUSDT,601601886.0000000000000000,93373437.5543257100000000,1.63581489,1.33199200,1.57975460,1.69913500
2026-08-29 14:20:00,ENAUSDT,604726416.0000000000000000,94131006.3846532900000000,1.62711864,1.34936400,1.57528469,1.47110600
2026-08-29 16:00:00,ENAUSDT,607521876.0000000000000000,95175343.0539428400000000,1.63359869,1.34045400,1.58283688,1.22354800
2026-08-29 20:55:00,ENAUSDT,606586623.0000000000000000,94475041.5744427100000000,1.65714286,1.33319700,1.58629982,0.83527600
2026-08-29 21:25:00,ENAUSDT,608783446.0000000000000000,94763231.2043600000000000,1.65075789,1.34060400,1.57873182,2.55159800
2026-08-29 23:55:00,ENAUSDT,604219786.0000000000000000,96401846.9398029000000000,1.64091002,1.34015800,1.58648225,1.06760500
2026-08-29 00:25:00,ENAUSDT,603721740.0000000000000000,98823211.6206000000000000,1.67469136,1.38410400,1.61126761,1.89124600
2026-08-29 01:45:00,ENAUSDT,595943537.0000000000000000,95321168.7431500000000000,1.62415708,1.34777800,1.59318245,0.41006700
2026-08-29 01:55:00,ENAUSDT,596331693.0000000000000000,95478667.3662300000000000,1.61869935,1.34855300,1.58459614,0.97877400
2026-08-29 05:00:00,ENAUSDT,605990625.0000000000000000,98200780.7812500000000000,1.59784946,1.37319700,1.56386636,1.50196700
2026-08-29 05:25:00,ENAUSDT,606854170.0000000000000000,98783721.7926000000000000,1.59526141,1.36727700,1.57281285,0.97148900
2026-08-29 06:25:00,ENAUSDT,600962235.0000000000000000,96816260.0503264500000000,1.59925167,1.35131400,1.58158996,0.91294500
2026-08-29 12:25:00,ENAUSDT,601251523.0000000000000000,93151351.3195040700000000,1.64525253,1.33122100,1.59264974,0.80851400
2026-08-29 14:50:00,ENAUSDT,609569202.0000000000000000,96616877.0049925100000000,1.61481033,1.33485600,1.58487347,1.14742900
2026-08-29 15:05:00,ENAUSDT,605660269.0000000000000000,95469798.1836790100000000,1.61963563,1.33777700,1.58178201,0.89976100
2026-08-29 16:30:00,ENAUSDT,608232638.0000000000000000,95760146.5267200000000000,1.62371030,1.34502700,1.57295474,0.91682500
2026-08-29 18:45:00,ENAUSDT,605302468.0000000000000000,94705624.1432800000000000,1.65713698,1.33828700,1.59405236,1.61132300
2026-08-29 20:10:00,ENAUSDT,606721985.0000000000000000,94630428.0004500000000000,1.66494952,1.33487000,1.59693007,0.79042300
2026-08-29 21:20:00,ENAUSDT,606903324.0000000000000000,94566000.8925057600000000,1.65735415,1.33626500,1.58555241,1.08639500
