open_time,open,high,low,close,volume,close_time,quote_volume,count,taker_buy_volume,taker_buy_quote_volume,ignore
1786406400000,75.9600,75.9600,75.8600,75.9000,110537.15,1786406699999,8390026.999000,5574,53822.84,4085387.868100,0
1786406700000,75.9100,75.9100,75.7200,75.8100,121696.44,1786406999999,9224677.733500,6426,39137.24,2966316.598600,0
1786407000000,75.8000,75.9500,75.8000,75.9400,40377.78,1786407299999,3063943.610900,3256,24329.92,1846223.931500,0
1786407300000,75.9400,75.9600,75.8700,75.9100,36684.87,1786407599999,2784865.740000,3153,14608.05,1108965.185800,0
1786407600000,75.9100,75.9900,75.8800,75.9600,29816.72,1786407899999,2264527.697000,2879,14994.32,1138852.519200,0
1786407900000,75.9600,75.9900,75.9300,75.9900,25948.76,1786408199999,1971150.506000,2397,11711.80,889759.721500,0
1786408200000,75.9900,76.0200,75.9100,75.9200,32656.08,1786408499999,2480716.494900,3053,9348.64,710265.747000,0
1786408500000,75.9100,75.9300,75.8200,75.8600,38427.48,1786408799999,2915753.049600,3085,13047.11,989936.170900,0
1786408800000,75.8500,75.8800,75.8200,75.8800,22341.09,1786409099999,1694374.990800,2337,9036.82,685398.711700,0
1786409100000,75.8800,75.8900,75.8300,75.8400,29150.79,1786409399999,2211333.286300,2246,12388.28,939799.449200,0
1786409400000,75.8500,75.9100,75.8400,75.8400,60353.55,1786409699999,4579270.461200,3210,28357.11,2151744.591900,0
1786409700000,75.8400,75.8800,75.8100,75.8500,25358.08,1786409999999,1923243.977300,2057,9776.51,741551.408100,0
1786410000000,75.8500,75.8500,75.6600,75.7500,85803.65,1786410299999,6498830.709900,6077,32726.59,2478537.373700,0
1786410300000,75.7500,75.7800,75.6900,75.7600,57935.44,1786410599999,4387430.916300,4551,26113.57,1977733.708500,0
1786410600000,75.7600,75.9500,75.7600,75.9100,67181.64,1786410899999,5099013.540100,4755,29606.00,2246862.228300,0
1786410900000,75.9000,75.9200,75.7600,75.7700,58998.66,1786411199999,4475284.471900,4620,21950.13,1665064.436600,0
1786411200000,75.7700,75.9400,75.7700,75.9200,55583.22,1786411499999,4216191.908300,3857,28933.31,2194627.344000,0
1786411500000,75.9200,75.9300,75.8500,75.9100,21378.68,1786411799999,1622319.048700,2707,11039.69,837766.346300,0
1786411800000,75.9100,75.9200,75.8500,75.8800,25938.05,1786412099999,1968357.913000,2314,14069.88,1067649.498900,0
1786412100000,75.8800,75.9100,75.8400,75.8500,17480.54,1786412399999,1326297.025500,1830,9092.09,689863.976200,0
1786412400000,75.8500,75.8600,75.7500,75.8400,33068.86,1786412699999,2506821.562100,2592,16016.74,1214189.294200,0
1786412700000,75.8400,76.0000,75.8400,76.0000,21816.02,1786412999999,1656507.567400,2731,17275.20,1311754.537900,0
1786413000000,76.0000,76.0700,75.9900,76.0300,21316.64,1786413299999,1620684.983600,2700,12882.32,979438.928400,0
1786413300000,76.0200,76.0700,76.0000,76.0600,24334.29,1786413599999,1850193.035900,1609,15802.48,1201636.523200,0
1786413600000,76.0600,76.1100,76.0200,76.1100,35336.22,1786413899999,2688022.629400,3014,17800.49,1354181.983500,0
1786413900000,76.1100,76.1100,76.0300,76.1000,22009.85,1786414199999,1674581.673200,2703,15068.93,1146539.178800,0
1786414200000,76.1000,76.1000,76.0400,76.0400,22289.33,1786414499999,1695640.582700,1983,11841.54,900850.554900,0
1786414500000,76.0500,76.1000,76.0200,76.0300,36372.96,1786414799999,2766467.683600,2456,17978.37,1367305.906700,0
1786414800000,76.0300,76.0400,75.9800,75.9900,26308.10,1786415099999,1999404.003000,1738,4298.26,326680.672700,0
1786415100000,75.9900,76.0000,75.9400,75.9700,23689.07,1786415399999,1799467.130400,1689,10038.79,762554.710000,0
1786415400000,75.9700,76.0100,75.9500,75.9800,20139.81,1786415699999,1530194.370300,1766,7478.86,568226.601300,0
1786415700000,75.9700,75.9800,75.9500,75.9700,10967.24,1786415999999,833090.645600,1316,4511.39,342705.667300,0
1786416000000,75.9800,76.0800,75.9800,76.0700,16129.46,1786416299999,1226381.294200,1894,13212.20,1004622.596900,0
1786416300000,76.0700,76.0900,76.0500,76.0500,15995.39,1786416599999,1216857.393800,1746,8447.93,642706.742900,0
1786416600000,76.0500,76.0600,76.0000,76.0200,17491.52,1786416899999,1329653.005400,1619,5402.20,410650.354700,0
1786416900000,76.0200,76.0300,75.9800,76.0000,12952.35,1786417199999,984535.966400,1187,3708.53,281885.842600,0
1786417200000,76.0000,76.1700,76.0000,76.1700,35465.34,1786417499999,2698306.644100,3387,26997.79,2054223.724600,0
1786417500000,76.1600,76.1800,76.1100,76.1500,15226.38,1786417799999,1159461.425500,1941,4084.04,310969.697700,0
1786417800000,76.1500,76.1700,76.1000,76.1000,14259.71,1786418099999,1085786.365100,1238,4213.45,320864.035400,0
1786418100000,76.1000,76.1900,76.0700,76.1300,28763.40,1786418399999,2189769.234800,2458,18930.22,1441206.548000,0
1786418400000,76.1300,76.2100,76.1300,76.1600,22823.91,1786418699999,1738718.651100,2176,13392.44,1020193.170700,0
1786418700000,76.1600,76.2200,76.1400,76.1400,20309.67,1786418999999,1547216.147000,1951,7936.42,604601.020600,0
1786419000000,76.1400,76.1400,76.0800,76.0900,17067.26,1786419299999,1299014.054300,2016,7677.96,584380.128000,0
1786419300000,76.1000,76.1600,76.0800,76.1400,12007.24,1786419599999,914049.454300,1704,8021.32,610629.975800,0
1786419600000,76.1400,76.1500,76.0900,76.0900,15614.15,1786419899999,1188479.487800,1646,8699.41,662160.257900,0
1786419900000,76.0900,76.1000,76.0500,76.0700,14208.51,1786420199999,1080893.661800,1515,5924.65,450710.365900,0
1786420200000,76.0700,76.0900,76.0400,76.0800,19251.49,1786420499999,1464429.036000,1567,9389.14,714234.864000,0
1786420500000,76.0800,76.0800,76.0300,76.0400,9970.71,1786420799999,758227.154900,1021,5596.06,425546.269300,0
1786420800000,76.0400,76.1100,76.0300,76.0600,26240.07,1786421099999,1996281.883600,2724,15946.23,1213129.901900,0
1786421100000,76.0700,76.1200,76.0600,76.1000,13239.91,1786421399999,1007464.535400,1711,6651.84,506157.932300,0
1786421400000,76.1000,76.1600,76.1000,76.1400,14876.05,1786421699999,1132605.505500,1796,10747.38,818256.374000,0
1786421700000,76.1500,76.1500,76.1000,76.1100,8579.21,1786421999999,653055.283100,943,1944.80,148038.841900,0
1786422000000,76.1100,76.1500,76.0800,76.1000,14439.87,1786422299999,1099095.483600,1807,6194.61,471529.795600,0
1786422300000,76.1000,76.1300,76.0800,76.1000,16107.66,1786422599999,1225895.150800,1359,4965.49,377886.296300,0
1786422600000,76.1100,76.1400,76.0800,76.1000,14165.71,1786422899999,1078090.766600,1211,8597.07,654259.739600,0
1786422900000,76.1100,76.1400,76.1000,76.1400,8980.97,1786423199999,683677.804400,1106,6017.39,458075.763300,0
1786423200000,76.1500,76.1600,76.1200,76.1500,18728.41,1786423499999,1426019.685200,1210,12014.66,914845.885500,0
1786423500000,76.1600,76.1900,76.1400,76.1600,16092.66,1786423799999,1225681.360200,1543,8718.05,664012.233400,0
1786423800000,76.1700,76.1700,76.0700,76.0900,17138.20,1786424099999,1304342.433100,1608,5040.61,383568.694500,0
1786424100000,76.1000,76.1000,76.0400,76.0400,8390.89,1786424399999,638338.568700,930,1007.39,76653.112200,0
1786424400000,76.0400,76.0400,75.9600,76.0000,33927.13,1786424699999,2578487.938200,2261,8412.54,639407.027800,0
1786424700000,76.0100,76.0300,75.9800,76.0300,9043.83,1786424999999,687357.300400,1189,5784.95,439684.308700,0
1786425000000,76.0200,76.0400,75.9900,76.0100,21296.64,1786425299999,1618786.411600,1946,9228.98,701541.340500,0
1786425300000,76.0200,76.0500,75.9200,75.9400,27697.44,1786425599999,2104800.160100,2371,8811.16,669691.370700,0
1786425600000,75.9300,75.9400,75.7600,75.8000,102851.42,1786425899999,7797250.249100,5211,27319.46,2071002.603000,0
1786425900000,75.8100,75.8100,75.7400,75.7600,44944.37,1786426199999,3405049.443200,2810,15783.16,1195797.256600,0
1786426200000,75.7600,75.8800,75.7400,75.8700,46970.49,1786426499999,3559945.150900,3267,31234.69,2367544.595000,0
1786426500000,75.8700,75.9200,75.8700,75.8900,35736.24,1786426799999,2712120.887800,2572,17003.88,1290476.254300,0
1786426800000,75.9000,75.9100,75.8800,75.9000,8095.42,1786427099999,614390.685300,1078,4928.56,374063.741800,0
1786427100000,75.9100,75.9100,75.8600,75.8800,18220.57,1786427399999,1382669.450700,1837,5676.45,430776.104100,0
1786427400000,75.8800,75.8900,75.7900,75.7900,19666.00,1786427699999,1491293.855900,1648,6214.66,471226.203400,0
1786427700000,75.8000,75.8300,75.7600,75.7600,31564.49,1786427999999,2392725.247400,2029,16369.50,1240995.812900,0
1786428000000,75.7600,75.7900,75.6700,75.7200,72553.44,1786428299999,5494012.352800,4480,25209.44,1908856.464500,0
1786428300000,75.7200,75.9400,75.7200,75.9300,88096.94,1786428599999,6678459.247800,5090,48135.68,3649645.012200,0
1786428600000,75.9400,76.0000,75.9200,75.9800,51842.96,1786428899999,3937675.031800,3136,29467.60,2238297.184300,0
1786428900000,75.9800,75.9900,75.9300,75.9300,11972.59,1786429199999,909353.176800,1775,2094.99,159142.246600,0
1786429200000,75.9300,75.9300,75.8600,75.9200,56754.54,1786429499999,4307747.813800,2669,25378.91,1926410.339800,0
1786429500000,75.9200,75.9400,75.8900,75.9300,41153.38,1786429799999,3124288.502100,2214,19957.95,1515219.348700,0
1786429800000,75.9300,75.9600,75.8700,75.8800,31367.57,1786430099999,2381132.388100,2501,6994.41,530927.251400,0
1786430100000,75.8800,75.9000,75.7300,75.8000,227556.26,1786430399999,17255308.419600,6389,36184.15,2742507.532900,0
1786430400000,75.7900,75.8200,75.7500,75.7500,66136.42,1786430699999,5012344.535800,4488,35198.32,2667711.159700,0
1786430700000,75.7500,75.7700,75.7100,75.7300,35652.61,1786430999999,2700440.900500,2275,8631.23,653740.938000,0
1786431000000,75.7400,75.7500,75.6100,75.6500,71321.12,1786431299999,5397645.753000,3913,18927.56,1432725.339500,0
1786431300000,75.6500,75.7900,75.6400,75.7700,47554.45,1786431599999,3601667.473700,3440,31710.62,2401627.825800,0
1786431600000,75.7700,75.8300,75.7700,75.8100,33308.78,1786431899999,2524901.240300,2741,15700.03,1190182.710200,0
1786431900000,75.8100,75.8300,75.7300,75.7300,31880.08,1786432199999,2415538.574900,2549,14085.59,1067221.724200,0
1786432200000,75.7400,75.7400,75.6500,75.6600,30104.34,1786432499999,2278824.107100,2262,6622.19,501352.313500,0
1786432500000,75.6500,75.6500,75.3600,75.4800,285631.74,1786432799999,21562427.332000,12345,91783.57,6928863.871400,0
1786432800000,75.4700,75.5100,75.3700,75.4200,96556.85,1786433099999,7285473.392000,5618,44127.35,3329648.261300,0
1786433100000,75.4200,75.4800,75.3900,75.3900,68188.57,1786433399999,5144268.726500,3535,42938.28,3239531.882400,0
1786433400000,75.4000,75.5700,75.3900,75.5700,59755.69,1786433699999,4511439.329800,3729,37338.82,2819130.614200,0
1786433700000,75.5700,75.7000,75.5600,75.6800,62592.12,1786433999999,4733501.268000,3991,41204.95,3116175.299700,0
1786434000000,75.6800,75.6900,75.6300,75.6800,38192.35,1786434299999,2889546.754900,2373,25701.14,1944507.262200,0
1786434300000,75.6900,75.7300,75.6300,75.6300,23911.21,1786434599999,1810016.508100,2321,12641.07,956999.541900,0
1786434600000,75.6400,75.6700,75.6000,75.6100,66786.17,1786434899999,5050709.599800,2632,22987.27,1738367.139800,0
1786434900000,75.6000,75.6600,75.5900,75.6600,32501.42,1786435199999,2457353.811100,1747,8851.79,669392.073800,0
1786435200000,75.6600,75.7400,75.6500,75.6800,35454.38,1786435499999,2683442.713100,3107,18574.59,1405866.691800,0
1786435500000,75.6800,75.7400,75.6500,75.6500,24313.13,1786435799999,1840603.221300,2042,11222.62,849640.417400,0
1786435800000,75.6500,75.6800,75.5900,75.6000,25212.46,1786436099999,1906916.086800,1989,13696.98,1035961.936300,0
1786436100000,75.5900,75.6300,75.5800,75.5900,21374.92,1786436399999,1616026.435500,1797,10583.90,800202.301000,0
1786436400000,75.5900,75.6800,75.5900,75.6700,38020.16,1786436699999,2875397.466900,2236,20036.47,1515389.628700,0
1786436700000,75.6700,75.7200,75.6600,75.6900,37485.51,1786436999999,2837180.496100,2007,29174.73,2208126.157800,0
1786437000000,75.7000,75.7400,75.6800,75.7000,40298.81,1786437299999,3051300.045500,2629,26692.23,2021102.110300,0
1786437300000,75.7000,75.7400,75.6900,75.7300,23956.42,1786437599999,1813677.829400,3037,11909.60,901672.294200,0
1786437600000,75.7400,75.8600,75.7200,75.8400,66748.27,1786437899999,5060692.390500,3906,35985.98,2728131.949000,0
1786437900000,75.8400,75.8700,75.8300,75.8500,26714.69,1786438199999,2026385.658800,2189,17079.53,1295560.388500,0
1786438200000,75.8500,75.9500,75.8500,75.9300,45330.38,1786438499999,3440488.747300,3674,24959.86,1894377.798000,0
1786438500000,75.9400,75.9400,75.8500,75.8900,54206.39,1786438799999,4113101.330500,2822,24577.69,1864973.933700,0
1786438800000,75.8900,75.9000,75.8200,75.8500,40631.22,1786439099999,3081850.676500,2767,21578.57,1636654.673100,0
1786439100000,75.8500,75.9100,75.8200,75.8200,56629.77,1786439399999,4297032.883300,3974,34734.18,2635709.810400,0
1786439400000,75.8200,75.8600,75.7200,75.7200,103385.52,1786439699999,7836116.201000,4274,33531.03,2541678.937300,0
1786439700000,75.7200,75.7900,75.6800,75.7600,82792.98,1786439999999,6270952.179200,4112,40770.74,3088059.985800,0
1786440000000,75.7600,75.7900,75.6800,75.7800,73795.54,1786440299999,5588859.156100,4051,44805.75,3393378.810000,0
1786440300000,75.7900,75.8600,75.7200,75.7300,56380.28,1786440599999,4273358.740400,3420,28881.27,2188984.537800,0
1786440600000,75.7300,75.7800,75.6600,75.6600,37172.59,1786440899999,2814650.843200,3000,13531.68,1024733.403000,0
1786440900000,75.6700,75.6700,75.6300,75.6600,43889.26,1786441199999,3320382.151100,1763,10118.25,765459.319300,0
1786441200000,75.6600,75.7700,75.6600,75.7500,40752.53,1786441499999,3086294.719700,2606,28914.35,2189667.808100,0
1786441500000,75.7600,75.8200,75.6600,75.7100,147255.12,1786441799999,11151459.494900,4561,66904.79,5066305.144000,0
1786441800000,75.7100,75.7700,75.7000,75.7100,29898.20,1786442099999,2264077.364800,2665,11924.57,903030.997800,0
1786442100000,75.7100,75.8500,75.7100,75.8400,22880.73,1786442399999,1733915.058800,1776,18400.43,1394420.798400,0
1786442400000,75.8400,75.9300,75.8000,75.8600,71587.42,1786442699999,5431137.269700,4361,34393.18,2609118.922800,0
1786442700000,75.8600,75.9500,75.8600,75.9100,35195.65,1786442999999,2671448.639900,3362,16991.63,1289739.561800,0
1786443000000,75.9100,75.9100,75.7700,75.7800,31447.56,1786443299999,2384522.398000,2867,6403.50,485626.611300,0
1786443300000,75.7800,75.8500,75.7200,75.8100,36007.30,1786443599999,2728014.580600,2504,16604.81,1258141.061400,0
1786443600000,75.8100,75.8300,75.7600,75.7900,39595.99,1786443899999,3000958.673400,2793,22416.30,1698887.766600,0
1786443900000,75.8000,75.9500,75.8000,75.9300,28431.32,1786444199999,2157799.447200,2656,18478.25,1402396.565600,0
1786444200000,75.9400,75.9700,75.8500,75.8700,44605.61,1786444499999,3385646.293000,3099,20128.96,1527857.589300,0
1786444500000,75.8600,75.8700,75.8200,75.8200,10864.57,1786444799999,824086.597700,1615,3895.62,295482.114700,0
1786444800000,75.8200,75.8300,75.7700,75.7900,31066.88,1786445099999,2354837.451600,1846,13427.34,1017834.065000,0
1786445100000,75.8000,75.9800,75.7900,75.9800,100303.89,1786445399999,7608495.554500,4181,76718.19,5819713.651800,0
1786445400000,75.9800,76.0300,75.9100,75.9200,48306.74,1786445699999,3670212.406800,3609,28077.25,2133338.999600,0
1786445700000,75.9100,75.9300,75.8600,75.9000,56716.56,1786445999999,4304356.478200,2707,36702.22,2785377.880100,0
1786446000000,75.9100,76.3500,75.9000,76.2500,251182.74,1786446299999,19142136.376100,12565,159337.07,12142977.787400,0
1786446300000,76.2500,76.2900,76.1000,76.1300,71161.59,1786446599999,5421862.654600,4080,30301.63,2308985.274700,0
1786446600000,76.1400,76.2600,76.1400,76.1800,71517.70,1786446899999,5450651.904600,4385,32806.94,2500404.633200,0
1786446900000,76.1800,76.1900,76.0300,76.0600,86274.89,1786447199999,6564274.413800,4325,33615.57,2557611.583000,0
1786447200000,76.0600,76.1200,76.0600,76.0900,27014.86,1786447499999,2055310.448900,2369,16713.82,1271618.515600,0
1786447500000,76.0900,76.1200,76.0800,76.0900,16895.21,1786447799999,1285613.169900,1595,7245.74,551375.590300,0
1786447800000,76.0900,76.1300,76.0700,76.0900,36028.21,1786448099999,2741757.314600,2352,15445.09,1175357.824100,0
1786448100000,76.1000,76.1400,76.0900,76.1100,18815.75,1786448399999,1432114.824100,1678,12683.80,965421.542500,0
1786448400000,76.1100,76.1600,76.0800,76.1100,41757.82,1786448699999,3178702.639900,2613,23675.10,1802234.519400,0
1786448700000,76.1200,76.1500,76.0700,76.1200,35881.46,1786448999999,2730870.952800,2414,18015.07,1371129.414400,0
1786449000000,76.1200,76.1800,76.1000,76.1800,23079.54,1786449299999,1757196.970700,2172,15048.54,1145747.914700,0
1786449300000,76.1800,76.2000,76.1500,76.1600,32321.66,1786449599999,2462109.341900,2381,12784.79,973950.970700,0
1786449600000,76.1600,76.2100,76.0900,76.1000,48110.18,1786449899999,3663516.730800,3948,18342.72,1396825.082600,0
1786449900000,76.1000,76.1800,76.0800,76.1700,29663.00,1786450199999,2257874.389100,2913,21801.12,1659445.225200,0
1786450200000,76.1800,76.1800,76.0400,76.1000,33983.58,1786450499999,2585985.771500,3122,16190.22,1232076.840000,0
1786450500000,76.1000,76.1200,76.0400,76.0400,31617.48,1786450799999,2405522.070000,2817,14678.91,1116890.061200,0
1786450800000,76.0400,76.0600,75.8800,75.9000,74680.70,1786451099999,5674563.664000,4835,27371.38,2079818.757600,0
1786451100000,75.8900,75.9000,75.7900,75.8400,46126.40,1786451399999,3498273.412800,3624,20133.52,1527020.813600,0
1786451400000,75.8400,75.8700,75.7500,75.8700,68354.64,1786451699999,5181346.940200,4536,32912.86,2494975.623200,0
1786451700000,75.8700,75.9100,75.7800,75.8800,28440.18,1786451999999,2157210.235900,3146,15309.69,1161438.439100,0
1786452000000,75.8800,75.9100,75.8200,75.8500,18647.92,1786452299999,1414602.901200,2098,9826.88,745425.842900,0
1786452300000,75.8500,75.8700,75.7700,75.7900,32724.25,1786452599999,2481110.724600,3214,10327.27,782967.396600,0
1786452600000,75.7900,75.8600,75.7800,75.8100,20987.80,1786452899999,1591281.856500,2401,15261.26,1157096.073900,0
1786452900000,75.8100,75.8500,75.8100,75.8200,13033.46,1786453199999,988382.108800,1327,6389.32,484545.284300,0
1786453200000,75.8200,75.8500,75.7400,75.7600,90581.83,1786453499999,6863551.526900,3937,48024.20,3638867.616300,0
1786453500000,75.7700,76.0000,75.7600,75.9900,85251.61,1786453799999,6470892.102500,5191,62715.73,4760251.608900,0
1786453800000,76.0000,76.0000,75.9000,75.9200,28423.86,1786454099999,2158647.623100,2025,19507.81,1481472.285800,0
1786454100000,75.9300,75.9500,75.8000,75.8200,33456.47,1786454399999,2539258.969300,3020,15937.47,1209692.348900,0
1786454400000,75.8300,75.8300,75.7500,75.7700,32393.64,1786454699999,2455346.791100,2275,15222.08,1153911.081400,0
1786454700000,75.7700,75.8600,75.6800,75.8400,63597.44,1786454999999,4817881.491200,3938,23279.35,1763704.462300,0
1786455000000,75.8400,75.9000,75.7200,75.8000,72579.74,1786455299999,5503123.641800,6335,33671.77,2553263.346800,0
1786455300000,75.7900,75.9000,75.6900,75.8600,47713.40,1786455599999,3615886.599000,6776,22854.35,1732184.615400,0
1786455600000,75.8700,76.0200,75.8700,75.9200,44066.02,1786455899999,3346857.664900,6394,21680.64,1646757.539700,0
1786455900000,75.9200,76.0700,75.8200,76.0200,85221.01,1786456199999,6473858.370500,7432,37215.42,2827163.142900,0
1786456200000,76.0100,76.0300,75.7900,75.8400,58470.15,1786456499999,4436375.430100,5297,21797.68,1653868.284500,0
1786456500000,75.8500,76.0200,75.8300,75.9700,43927.76,1786456799999,3337258.693900,3676,13812.21,1048946.508900,0
1786456800000,75.9700,76.0500,75.9000,76.0100,48295.57,1786457099999,3669057.290100,4964,19654.03,1493547.857000,0
1786457100000,76.0000,76.0700,75.8700,75.9600,52735.33,1786457399999,4004533.583200,4838,33908.66,2574196.348900,0
1786457400000,75.9500,76.0100,75.9100,75.9900,16589.85,1786457699999,1260234.935600,2971,7620.46,578890.239000,0
1786457700000,75.9900,76.1200,75.9600,75.9600,64842.87,1786457999999,4932151.258000,5697,26662.14,2028241.552500,0
1786458000000,75.9600,75.9800,75.6200,75.6200,140790.83,1786458299999,10674222.206900,8887,48363.72,3667429.208500,0
1786458300000,75.6200,75.7300,75.5100,75.5900,221395.06,1786458599999,16736916.488600,11775,80445.98,6081560.551900,0
1786458600000,75.5800,75.5800,75.4900,75.5300,98561.14,1786458899999,7443752.989200,6799,53957.88,4075337.478100,0
1786458900000,75.5300,75.6200,75.3600,75.4000,133882.94,1786459199999,10101871.046700,8617,52243.55,3942405.026800,0
1786459200000,75.3900,75.4700,75.3300,75.4500,93856.30,1786459499999,7076544.636400,7784,51541.81,3886127.760500,0
1786459500000,75.4500,75.4700,75.3100,75.3100,73661.88,1786459799999,5555067.985800,5956,28918.99,2180937.538500,0
1786459800000,75.3100,75.3200,75.1100,75.1700,307135.78,1786460099999,23096311.020500,17404,129099.27,9707592.759300,0
1786460100000,75.1700,75.2200,75.0300,75.1500,198553.13,1786460399999,14913585.413800,11010,90666.37,6810550.135700,0
1786460400000,75.1600,75.2600,75.1100,75.1900,123055.79,1786460699999,9251909.698900,8826,48530.20,3648947.335300,0
1786460700000,75.1800,75.2500,75.1500,75.2400,62623.17,1786460999999,4709239.610600,6857,37042.20,2785704.459500,0
1786461000000,75.2400,75.2500,75.0600,75.0800,129672.85,1786461299999,9741620.275000,7855,58354.18,4383596.800000,0
1786461300000,75.0900,75.1800,75.0500,75.1800,72474.39,1786461599999,5443733.597000,7243,44996.96,3379992.450500,0
1786461600000,75.1800,75.3000,75.1000,75.2600,87487.80,1786461899999,6581604.017200,7018,58568.32,4406348.165200,0
1786461900000,75.2700,75.3800,75.2600,75.3100,62378.52,1786462199999,4698404.076700,5980,27354.47,2060236.674200,0
1786462200000,75.3100,75.3600,75.1200,75.1300,72248.81,1786462499999,5436619.639700,6461,28860.00,2172428.046000,0
1786462500000,75.1200,75.1500,74.6500,74.8300,579709.53,1786462799999,43386248.839300,29550,197441.81,14776327.730500,0
1786462800000,74.8300,74.8600,74.5700,74.8000,226029.56,1786463099999,16882456.655100,13801,107010.77,7994106.348200,0
1786463100000,74.7900,74.8700,74.6600,74.7200,119900.90,1786463399999,8965291.809000,8588,60400.69,4516824.606900,0
1786463400000,74.7200,74.7800,74.6500,74.6500,122313.66,1786463699999,9137101.901300,7679,52903.12,3952203.220900,0
1786463700000,74.6600,74.9300,74.6500,74.8700,94493.09,1786463999999,7070396.592000,6766,61409.59,4594552.745500,0
1786464000000,74.8700,74.9400,74.7300,74.8800,150975.43,1786464299999,11295441.123700,8594,60176.79,4503577.506800,0
1786464300000,74.8800,74.9800,74.8300,74.9700,86217.95,1786464599999,6457901.623700,7218,45007.99,3371558.267500,0
1786464600000,74.9800,75.0000,74.8300,74.9700,85245.99,1786464899999,6385696.827600,6380,48149.87,3606798.092800,0
1786464900000,74.9800,75.0000,74.8500,74.9700,53000.78,1786465199999,3971655.418200,5620,29005.95,2173700.200500,0
1786465200000,74.9800,75.0300,74.9600,75.0100,49472.51,1786465499999,3710704.643800,4381,30122.44,2259367.579100,0
1786465500000,75.0000,75.0100,74.9000,74.9300,40501.56,1786465799999,3036147.322000,3805,17065.09,1279356.470200,0
1786465800000,74.9400,74.9800,74.8200,74.8600,45807.18,1786466099999,3430711.570300,4311,18457.50,1382514.173100,0
1786466100000,74.8700,74.9500,74.8500,74.9000,34680.09,1786466399999,2597674.007600,4051,19114.31,1431764.857900,0
1786466400000,74.8900,74.9400,74.8600,74.8700,25070.05,1786466699999,1877865.418100,2731,11419.95,855506.430200,0
1786466700000,74.8600,74.9600,74.8400,74.9600,39179.28,1786466999999,2934565.319200,3367,23343.89,1748645.191500,0
1786467000000,74.9600,74.9800,74.8600,74.8700,24369.86,1786467299999,1825416.125500,2684,11421.64,855547.794400,0
1786467300000,74.8700,74.9200,74.8600,74.8900,21375.66,1786467599999,1600673.276300,2009,14642.90,1096470.172900,0
1786467600000,74.8900,74.9800,74.8800,74.9000,33030.18,1786467899999,2474970.375000,3509,21549.91,1614715.708300,0
1786467900000,74.9000,74.9700,74.8800,74.9100,37551.02,1786468199999,2813455.716200,4111,18828.67,1410679.827900,0
1786468200000,74.9100,75.0200,74.8800,74.9400,31249.51,1786468499999,2342537.940700,3727,16527.26,1238887.092600,0
1786468500000,74.9500,74.9700,74.9000,74.9400,33019.90,1786468799999,2474326.175900,3813,12324.20,923603.132200,0
1786468800000,74.9300,75.0100,74.9300,75.0100,20555.99,1786469099999,1540974.047600,2794,12338.55,925007.096800,0
1786469100000,75.0000,75.0600,74.9500,75.0300,42745.93,1786469399999,3206524.125500,3716,27481.59,2061539.742300,0
1786469400000,75.0300,75.0700,74.9600,74.9900,23190.64,1786469699999,1739814.048400,3033,10995.80,824972.305400,0
1786469700000,75.0000,75.0300,74.9400,74.9600,15830.88,1786469999999,1186931.596400,1782,5704.83,427770.451600,0
1786470000000,74.9500,75.0800,74.9500,75.0000,48629.01,1786470299999,3648525.902500,2968,34248.97,2569518.064600,0
1786470300000,75.0100,75.0300,74.9300,74.9600,40054.56,1786470599999,3003395.448600,3515,25769.76,1932279.980200,0
1786470600000,74.9700,75.0800,74.9600,75.0800,15801.10,1786470899999,1185584.620300,2646,10052.90,754278.725900,0
1786470900000,75.0800,75.1900,75.0700,75.1200,107753.39,1786471199999,8096373.955900,5060,75646.69,5683937.636100,0
1786471200000,75.1300,75.2200,75.1000,75.1900,43444.58,1786471499999,3266119.865100,3939,30241.02,2273514.868500,0
1786471500000,75.2000,75.2300,75.1500,75.1900,37612.21,1786471799999,2828192.701400,3900,16568.47,1245922.724000,0
1786471800000,75.2000,75.2000,75.1400,75.2000,26253.83,1786472099999,1973424.690300,2914,10553.90,793334.887600,0
1786472100000,75.1900,75.2800,75.1800,75.2700,32244.05,1786472399999,2426258.440900,2663,19096.75,1437056.363600,0
1786472400000,75.2800,75.3000,75.2400,75.2500,23907.45,1786472699999,1799591.253800,2319,12839.13,966462.743500,0
1786472700000,75.2500,75.3000,75.1600,75.1700,22388.98,1786472999999,1684346.621900,2455,7203.20,541967.937300,0
1786473000000,75.1800,75.2300,75.0300,75.2300,116565.08,1786473299999,8760433.638500,5838,43960.93,3303630.921600,0
1786473300000,75.2200,75.2900,75.2000,75.2000,67635.54,1786473599999,5089047.100100,3840,26999.19,2031581.289900,0
1786473600000,75.2000,75.2200,75.1100,75.2200,58065.76,1786473899999,4364375.348300,3179,20692.36,1555247.711600,0
1786473900000,75.2200,75.2800,75.2100,75.2500,22562.33,1786474199999,1697779.038700,2416,12804.82,963504.140000,0
1786474200000,75.2400,75.2500,75.1500,75.1600,15879.93,1786474499999,1194080.135600,1916,5865.54,441077.088300,0
1786474500000,75.1600,75.2400,75.1200,75.2300,30610.52,1786474799999,2300646.803100,2246,15287.50,1149133.948300,0
1786474800000,75.2300,75.2300,75.1600,75.1800,22324.40,1786475099999,1678711.182400,2321,8694.81,653787.564500,0
1786475100000,75.1800,75.1900,75.0200,75.0300,48354.99,1786475399999,3632000.446500,3657,12645.06,949811.332800,0
1786475400000,75.0300,75.0800,75.0100,75.0300,34863.24,1786475699999,2616176.400900,3139,15650.95,1174502.376700,0
1786475700000,75.0200,75.2000,75.0200,75.1800,28059.12,1786475999999,2107641.846500,3881,19773.43,1485213.745000,0
1786476000000,75.1800,75.2600,75.1800,75.2200,24262.12,1786476299999,1825052.704700,2557,14445.13,1086576.041300,0
1786476300000,75.2100,75.2700,75.2000,75.2500,19958.68,1786476599999,1501655.295600,2523,9820.60,738861.933600,0
1786476600000,75.2500,75.3300,75.2500,75.2600,28352.92,1786476899999,2134950.871600,3105,16532.59,1244874.370900,0
1786476900000,75.2600,75.4400,75.2600,75.4200,39333.28,1786477199999,2964748.849000,3887,25614.05,1930610.462100,0
1786477200000,75.4200,75.4900,75.3800,75.4800,38317.66,1786477499999,2890398.577600,3243,22584.97,1703779.845000,0
1786477500000,75.4900,75.5900,75.4800,75.5100,102545.52,1786477799999,7745338.914300,5860,70501.56,5324896.202100,0
1786477800000,75.5100,75.6500,75.4900,75.6300,103919.54,1786478099999,7853026.970000,4744,57293.64,4329858.166100,0
1786478100000,75.6300,75.6900,75.6100,75.6300,64913.45,1786478399999,4910356.439300,4395,35725.82,2702660.398200,0
1786478400000,75.6300,75.8300,75.6100,75.7900,143965.11,1786478699999,10901235.880300,7083,98859.63,7485988.713100,0
1786478700000,75.8000,76.2700,75.7900,76.1700,407805.19,1786478999999,31019223.281300,15021,262108.56,19936584.999400,0
1786479000000,76.1800,76.2400,76.0900,76.1000,153752.12,1786479299999,11709472.167900,8161,72020.10,5484660.559500,0
1786479300000,76.1000,76.1100,75.9200,75.9400,124184.35,1786479599999,9437135.277600,6643,51953.35,3947994.642200,0
1786479600000,75.9400,75.9700,75.8600,75.8800,84930.40,1786479899999,6447670.090400,4560,35598.76,2702512.830800,0
1786479900000,75.8800,76.0600,75.8700,76.0400,64301.71,1786480199999,4884560.316100,3705,42227.30,3207449.500600,0
1786480200000,76.0500,76.1600,75.9300,75.9600,62917.69,1786480499999,4785051.206400,4862,34460.41,2620906.744700,0
1786480500000,75.9600,75.9900,75.9200,75.9700,34135.77,1786480799999,2593004.135900,2152,9435.86,716706.972200,0
1786480800000,75.9600,76.0000,75.9000,75.9200,62150.14,1786481099999,4720398.813200,2784,10968.43,833078.324500,0
1786481100000,75.9100,76.0000,75.8900,75.9200,41608.43,1786481399999,3159287.623100,3262,18177.17,1380229.700000,0
1786481400000,75.9100,75.9300,75.8300,75.9300,48914.56,1786481699999,3711343.461600,2815,13961.65,1059381.920200,0
1786481700000,75.9200,76.0600,75.9200,76.0100,70803.85,1786481999999,5381000.148600,3143,45738.19,3476126.809800,0
1786482000000,76.0200,76.0700,76.0100,76.0500,32803.12,1786482299999,2494274.478400,2026,16457.47,1251346.863600,0
1786482300000,76.0500,76.1200,76.0300,76.1100,30949.84,1786482599999,2354902.692300,2234,15944.19,1213233.955300,0
1786482600000,76.1000,76.1600,76.0800,76.1300,52132.50,1786482899999,3968429.124600,3187,27248.11,2074222.601700,0
1786482900000,76.1200,76.1400,76.0000,76.0400,193410.14,1786483199999,14705121.138500,4609,39107.20,2974247.074500,0
1786483200000,76.0400,76.0900,76.0000,76.0800,34318.14,1786483499999,2609272.717000,2190,16419.53,1248682.061000,0
1786483500000,76.0900,76.1500,76.0200,76.0300,33712.05,1786483799999,2565402.996700,2455,9480.84,721643.204600,0
1786483800000,76.0200,76.0700,76.0100,76.0200,24311.87,1786484099999,1848639.324100,2092,15096.55,1147901.785000,0
1786484100000,76.0200,76.0500,75.9700,76.0100,48262.71,1786484399999,3668243.986000,2539,34147.19,2595301.895200,0
1786484400000,76.0100,76.1500,76.0100,76.1300,48667.37,1786484699999,3704198.109000,3619,23195.08,1765286.169900,0
1786484700000,76.1300,76.1500,76.1100,76.1100,11050.02,1786484999999,841254.077600,1401,4752.68,361839.877100,0
1786485000000,76.1200,76.1700,76.1000,76.1500,12833.01,1786485299999,977061.160000,1708,7516.58,572279.000600,0
1786485300000,76.1500,76.4100,76.1400,76.4100,225373.56,1786485599999,17196942.181100,8064,158540.60,12096252.462900,0
1786485600000,76.4100,76.6400,76.4100,76.5800,242113.68,1786485899999,18531990.744000,11753,147812.98,11313773.814800,0
1786485900000,76.5700,76.5900,76.3800,76.3800,66109.98,1786486199999,5056344.434200,5619,25692.35,1965220.698400,0
1786486200000,76.3800,76.4000,76.3600,76.3800,34076.13,1786486499999,2602820.254600,2910,18945.91,1447219.892000,0
1786486500000,76.3800,76.5100,76.3500,76.3800,59384.40,1786486799999,4538281.791100,4136,33742.40,2578451.745100,0
1786486800000,76.3800,76.4200,76.3300,76.3800,28349.84,1786487099999,2165157.086900,2579,10275.84,784774.839800,0
1786487100000,76.3700,76.4100,76.3300,76.4100,25805.56,1786487399999,1970700.404000,1836,11779.74,899611.381300,0
1786487400000,76.4000,76.4600,76.3300,76.3800,67279.41,1786487699999,5139412.228300,4429,34206.52,2612789.085400,0
1786487700000,76.3800,76.3900,76.3100,76.3400,33280.63,1786487999999,2540644.789900,2408,12027.59,918119.348300,0
1786488000000,76.3400,76.3600,76.2800,76.3500,59573.51,1786488299999,4546562.769500,2871,21891.44,1670831.998500,0
1786488300000,76.3400,76.3400,76.2100,76.2600,51796.09,1786488599999,3950455.263800,3522,14853.29,1132908.263000,0
1786488600000,76.2600,76.3800,76.2500,76.3300,36708.10,1786488899999,2801257.651000,2728,24867.80,1897717.269000,0
1786488900000,76.3200,76.3900,76.3200,76.3800,15006.35,1786489199999,1145864.127800,1523,9474.17,723426.511200,0
1786489200000,76.3800,76.3800,76.2100,76.2200,35554.79,1786489499999,2711749.442900,3409,8366.23,638148.270400,0
1786489500000,76.2200,76.2400,76.1800,76.2100,26921.20,1786489799999,2051625.997700,2541,9461.03,721026.975600,0
1786489800000,76.2000,76.2100,76.1700,76.2100,33410.21,1786490099999,2545708.819700,2014,22590.42,1721297.007900,0
1786490100000,76.2000,76.2500,76.1600,76.1900,33791.17,1786490399999,2575025.017300,2434,13609.87,1037134.700800,0
1786490400000,76.1800,76.2700,76.1700,76.2700,46109.99,1786490699999,3514588.159600,2271,24336.61,1854994.034800,0
1786490700000,76.2700,76.3100,76.2300,76.2600,24773.03,1786490999999,1889500.136300,2268,14280.29,1089148.767400,0
1786491000000,76.2600,76.2800,76.1800,76.2600,28488.81,1786491299999,2171377.277200,3119,14307.53,1090509.535700,0
1786491300000,76.2500,76.2800,76.2000,76.2100,19381.18,1786491599999,1477731.375300,1934,8009.73,610704.914700,0
1786491600000,76.2200,76.3300,76.2200,76.2900,38139.92,1786491899999,2909546.934200,2576,29675.53,2263956.705200,0
1786491900000,76.3000,76.3100,76.1800,76.1900,23358.02,1786492199999,1781153.091700,2252,4458.58,340016.824700,0
1786492200000,76.1800,76.2500,76.1800,76.2100,20647.59,1786492499999,1573683.472600,2047,11834.60,901955.896800,0
1786492500000,76.2200,76.2900,76.1900,76.2700,22982.50,1786492799999,1752446.900300,1678,17763.00,1354603.060600,0
