1634688000000,3881.49,3909.66,3881.26,3887.24,26080.222,1634688299999,101624679.64151,29397,15239.784,59394258.77025,0
1634688300000,3887.14,3890.41,3882.22,3884.23,5293.067,1634688599999,20566011.55254,8431,2622.459,10190624.99257,0
1634688600000,3884.23,3891.51,3883.04,3890.36,3148.294,1634688899999,12239539.15707,5271,1846.085,7177045.20845,0
1634688900000,3890.56,3893.91,3882.53,3883.56,4382.935,1634689199999,17046728.68536,6378,1421.450,5529389.34406,0
1634689200000,3883.56,3885.80,3877.88,3879.34,2751.820,1634689499999,10682729.58466,4848,902.443,3503967.24015,0
1634689500000,3879.50,3879.50,3867.98,3868.98,11653.536,1634689799999,45142859.27962,9453,5901.292,22862032.12817,0
1634689800000,3868.98,3874.08,3866.70,3870.95,5575.358,1634690099999,21578061.59739,6667,2110.566,8168885.04279,0
1634690100000,3870.96,3873.69,3867.18,3868.19,2563.895,1634690399999,9924410.18807,4460,1158.798,4486020.80250,0
1634690400000,3868.19,3870.36,3859.23,3868.55,5612.620,1634690699999,21686225.81316,7738,1807.688,6986061.52285,0
1634690700000,3868.54,3874.91,3868.16,3871.81,3161.657,1634690999999,12241475.94663,4500,1806.970,6996079.44218,0
1634691000000,3871.81,3874.34,3868.47,3870.30,2088.292,1634691299999,8084561.79348,3741,852.993,3302983.28836,0
1634691300000,3870.29,3879.90,3869.23,3874.79,5237.267,1634691599999,20304799.79033,8421,2922.520,11330403.54909,0
1634691600000,3874.79,3875.71,3869.22,3872.85,4343.167,1634691899999,16813089.84616,6064,1167.722,4520887.39263,0
1634691900000,3872.99,3882.08,3870.94,3874.43,2855.925,1634692199999,11071074.72369,4547,1767.740,6852702.74664,0
1634692200000,3874.43,3883.67,3874.25,3881.90,3574.714,1634692499999,13866764.82013,4495,2028.854,7870284.83957,0
1634692500000,3881.90,3886.84,3880.08,3886.64,5494.388,1634692799999,21339539.73994,6835,2333.299,9062659.50147,0
1634692800000,3886.45,3889.02,3880.13,3888.38,3865.540,1634693099999,15016489.10054,4932,2241.431,8709045.65501,0
1634693100000,3888.48,3889.79,3884.07,3885.16,2404.353,1634693399999,9345105.79643,3848,1064.659,4138657.90270,0
1634693400000,3885.16,3890.95,3882.35,3887.08,4072.889,1634693699999,15834921.64566,4960,2472.719,9614720.07353,0
1634693700000,3887.08,3887.44,3871.95,3871.95,5174.029,1634693999999,20060172.05828,6634,1713.026,6641200.96664,0
1634694000000,3871.95,3874.00,3867.25,3871.48,3770.209,1634694299999,14593605.35758,5569,1451.288,5618662.24270,0
1634694300000,3871.45,3872.78,3860.05,3863.33,7947.909,1634694599999,30713070.28649,7787,2948.010,11391403.11465,0
1634694600000,3863.34,3866.86,3855.57,3858.62,11172.430,1634694899999,43133375.05207,9370,5348.669,20650699.39124,0
1634694900000,3858.61,3862.94,3858.21,3862.72,2984.518,1634695199999,11524431.46509,3900,1815.804,7011653.60448,0
1634695200000,3862.65,3868.44,3858.05,3862.85,4160.608,1634695499999,16077799.14441,5532,1573.194,6079729.50894,0
1634695500000,3862.85,3866.52,3859.82,3859.82,2121.574,1634695799999,8198052.81878,3389,1104.060,4266426.58567,0
1634695800000,3859.83,3864.24,3859.00,3860.68,1883.961,1634696099999,7275182.85223,3317,599.688,2315610.79423,0
1634696100000,3860.67,3863.84,3844.89,3848.21,8918.578,1634696399999,34351110.78712,9475,1993.192,7676767.27516,0
1634696400000,3848.21,3857.50,3847.85,3857.25,4393.598,1634696699999,16929121.55104,4339,2965.542,11427145.59665,0
1634696700000,3857.18,3859.20,3854.58,3856.97,2366.175,1634696999999,9127597.82134,3373,1020.396,3936286.48345,0
1634697000000,3856.98,3857.05,3851.69,3854.61,1927.429,1634697299999,7429882.15557,3368,767.749,2959625.52315,0
1634697300000,3854.55,3860.00,3852.48,3857.04,2927.024,1634697599999,11288110.20449,3807,1476.011,5693177.67703,0
1634697600000,3857.14,3858.41,3845.95,3846.25,2050.725,1634697899999,7898450.00812,3717,555.650,2140560.52171,0
1634697900000,3846.26,3851.76,3846.11,3848.44,2770.485,1634698199999,10663189.23600,4334,1212.055,4665475.55869,0
1634698200000,3848.43,3858.41,3847.88,3852.45,3073.169,1634698499999,11841470.89453,4351,1889.242,7279826.14161,0
1634698500000,3852.45,3856.89,3850.43,3850.98,2009.967,1634698799999,7746576.36560,3246,968.114,3731205.17429,0
1634698800000,3850.98,3856.13,3850.65,3854.13,1601.761,1634699099999,6172687.36292,3033,982.492,3786494.58064,0
1634699100000,3853.80,3859.55,3852.63,3857.85,2522.757,1634699399999,9729228.21149,3764,1578.485,6087442.14805,0
1634699400000,3857.85,3864.94,3857.85,3863.00,5451.126,1634699699999,21049860.05635,5323,2801.594,10819701.18400,0
1634699700000,3862.81,3865.63,3858.30,3865.01,2569.486,1634699999999,9922233.68178,3881,1554.266,6002276.41312,0
1634700000000,3865.14,3867.05,3858.15,3863.42,2845.549,1634700299999,10990926.07953,4327,1487.955,5747255.19711,0
1634700300000,3863.42,3863.43,3856.75,3859.24,1818.534,1634700599999,7019408.40047,3230,889.066,3431704.62191,0
1634700600000,3859.24,3861.16,3851.16,3851.97,3265.803,1634700899999,12588921.20614,4662,1233.309,4754482.14531,0
1634700900000,3851.97,3856.85,3851.97,3856.83,2037.650,1634701199999,7854441.81088,2831,1156.861,4459510.60788,0
1634701200000,3856.83,3858.23,3855.01,3857.40,1349.019,1634701499999,5203647.32221,2248,487.060,1878574.46823,0
1634701500000,3857.39,3859.56,3853.79,3853.94,1623.116,1634701799999,6261289.18392,2862,818.925,3159349.08771,0
1634701800000,3853.93,3854.08,3848.19,3848.74,2378.957,1634702099999,9161719.92293,3864,868.609,3344947.78088,0
1634702100000,3848.73,3851.29,3845.08,3848.11,3484.173,1634702399999,13405727.26291,4561,1371.997,5279566.62886,0
1634702400000,3848.10,3853.61,3842.06,3842.88,4908.499,1634702699999,18885157.19871,6561,1575.566,6062757.78030,0
1634702700000,3842.89,3848.72,3842.24,3848.35,2738.641,1634702999999,10531755.55623,3960,1542.445,5931884.03799,0
1634703000000,3848.34,3853.48,3848.01,3850.53,2022.527,1634703299999,7789052.34679,3351,1107.093,4263727.07410,0
1634703300000,3851.07,3855.85,3850.63,3853.47,2022.222,1634703599999,7793037.00346,2899,860.398,3315625.21823,0
1634703600000,3853.48,3855.17,3850.18,3850.23,1749.464,1634703899999,6740512.42057,2445,717.732,2765566.00587,0
1634703900000,3850.23,3851.05,3846.31,3848.54,2713.426,1634704199999,10442542.31467,3213,658.264,2533229.71737,0
1634704200000,3848.54,3852.98,3846.29,3847.82,1109.434,1634704499999,4270372.74992,2576,536.029,2063420.63419,0
1634704500000,3847.82,3857.00,3847.69,3855.72,2941.829,1634704799999,11336576.61462,3497,1979.530,7628449.50070,0
1634704800000,3855.73,3857.39,3851.65,3857.01,2124.791,1634705099999,8189884.62733,2618,1154.463,4450146.86770,0
1634705100000,3857.01,3860.53,3856.97,3860.03,2492.459,1634705399999,9617061.04207,3087,1830.872,7064440.99030,0
1634705400000,3860.02,3860.62,3855.00,3856.20,3046.297,1634705699999,11754344.76876,3293,948.328,3659057.72256,0
1634705700000,3856.21,3862.40,3854.05,3859.99,2066.788,1634705999999,7974457.58912,3384,1168.065,4507149.61161,0
1634706000000,3859.98,3862.00,3853.25,3854.01,2413.037,1634706299999,9307583.85748,3563,1107.062,4270271.78403,0
1634706300000,3854.01,3863.20,3853.46,3862.91,3346.112,1634706599999,12912376.02851,4041,2204.251,8504585.13327,0
1634706600000,3862.90,3863.81,3861.21,3862.49,1869.093,1634706899999,7219319.48531,3186,1008.119,3893794.69012,0
1634706900000,3862.50,3863.36,3855.00,3857.44,2496.775,1634707199999,9632655.15600,3972,1050.452,4051387.18672,0
1634707200000,3857.79,3858.57,3853.93,3855.05,921.447,1634707499999,3553159.88736,2392,393.802,1518624.64954,0
1634707500000,3855.05,3859.06,3854.13,3857.81,1333.895,1634707799999,5144467.84655,2700,633.251,2442443.04837,0
1634707800000,3857.99,3861.50,3852.15,3856.15,2510.568,1634708099999,9683800.57320,3770,1156.240,4460229.36488,0
1634708100000,3856.14,3857.15,3843.13,3843.76,6924.812,1634708399999,26649768.41959,7748,2895.665,11144462.37605,0
1634708400000,3843.76,3849.04,3840.41,3845.47,4675.627,1634708699999,17976657.66246,6109,2041.241,7848950.37374,0
1634708700000,3845.42,3846.95,3836.00,3836.68,8346.451,1634708999999,32054877.23476,7865,3413.500,13110876.15970,0
1634709000000,3836.69,3838.77,3830.00,3837.95,10020.020,1634709299999,38414936.40486,11347,4267.171,16361002.05697,0
1634709300000,3837.96,3846.91,3837.66,3843.91,4105.684,1634709599999,15771577.81438,5907,2450.934,9415333.75567,0
1634709600000,3843.92,3846.70,3841.37,3845.30,2686.509,1634709899999,10326775.15598,4610,1512.104,5812809.54791,0
1634709900000,3845.29,3851.73,3844.74,3850.87,3230.199,1634710199999,12431897.19978,4550,2144.692,8254379.88703,0
1634710200000,3850.87,3855.96,3847.27,3847.38,5589.762,1634710499999,21536182.27467,6436,2786.549,10737171.93998,0
1634710500000,3847.38,3850.91,3846.48,3850.31,1701.579,1634710799999,6549052.38749,3142,742.995,2859898.46145,0
1634710800000,3850.30,3850.86,3843.31,3843.35,4899.759,1634711099999,18847422.28014,4686,1419.106,5458782.44881,0
1634711100000,3843.35,3845.81,3832.05,3832.97,7840.923,1634711399999,30092779.73486,7677,2304.423,8841684.43660,0
1634711400000,3832.98,3841.87,3831.10,3831.80,6148.049,1634711699999,23581603.66561,6650,2857.245,10960230.93170,0
1634711700000,3831.91,3842.99,3830.49,3841.89,3077.239,1634711999999,11807338.55470,4812,1997.529,7664767.12504,0
1634712000000,3841.89,3843.13,3835.36,3837.31,1775.238,1634712299999,6815136.11557,3663,700.636,2689578.43737,0
1634712300000,3837.30,3838.56,3833.90,3837.38,2051.044,1634712599999,7868320.93619,3078,821.312,3151212.12527,0
1634712600000,3837.38,3840.80,3833.25,3834.76,2084.697,1634712899999,7999738.99200,3873,850.343,3263047.42388,0
1634712900000,3834.75,3841.97,3834.71,3840.84,2147.560,1634713199999,8243615.89066,3689,1305.360,5011305.54688,0
1634713200000,3840.85,3841.10,3837.16,3839.69,2528.273,1634713499999,9706682.24016,3999,882.188,3387057.25340,0
1634713500000,3839.70,3847.20,3839.69,3845.65,2362.975,1634713799999,9084319.92328,4422,1689.043,6493705.15576,0
1634713800000,3845.65,3846.29,3842.62,3842.62,1621.126,1634714099999,6232647.02350,3125,692.161,2661144.12018,0
1634714100000,3842.62,3847.70,3842.62,3847.04,1257.197,1634714399999,4834030.71282,2885,759.319,2919742.94226,0
1634714400000,3847.03,3852.88,3846.87,3849.68,6248.021,1634714699999,24059981.47703,4924,3366.465,12962427.08177,0
1634714700000,3849.68,3855.00,3849.33,3853.72,3297.355,1634714999999,12701590.58199,4003,1923.760,7410023.42466,0
1634715000000,3853.72,3854.48,3849.00,3849.01,3642.626,1634715299999,14029426.56407,4670,1142.419,4400223.59094,0
1634715300000,3849.00,3851.47,3848.00,3851.08,1866.237,1634715599999,7184088.46123,2589,973.091,3746077.03518,0
1634715600000,3851.09,3857.07,3850.82,3853.41,5005.739,1634715899999,19294644.91986,4989,3337.622,12865680.31465,0
1634715900000,3853.40,3854.71,3848.31,3849.38,2411.706,1634716199999,9286607.26648,3804,774.039,2980450.43691,0
1634716200000,3849.37,3855.13,3848.23,3854.99,2312.870,1634716499999,8908641.10861,3384,1227.457,4728223.34093,0
1634716500000,3855.04,3863.73,3854.85,3860.92,7771.920,1634716799999,29996743.44431,8528,5086.712,19632959.19237,0
1634716800000,3860.91,3867.00,3860.71,3861.68,7696.216,1634717099999,29735837.67818,8239,3880.225,14992611.57180,0
1634717100000,3861.69,3863.29,3857.14,3860.02,3264.694,1634717399999,12602707.26856,4775,1560.384,6023860.88020,0
1634717400000,3860.01,3861.47,3856.91,3858.99,1978.486,1634717699999,7634630.31254,3469,1168.404,4508744.54272,0
1634717700000,3858.99,3867.45,3858.99,3866.89,3899.810,1634717999999,15068409.63364,5388,2094.454,8092156.20385,0
1634718000000,3866.88,3871.57,3865.03,3871.57,7886.681,1634718299999,30512703.05744,7809,3939.137,15239859.63631,0
1634718300000,3871.56,3872.59,3863.85,3865.09,5337.436,1634718599999,20646387.05143,5382,2254.291,8719518.28284,0
1634718600000,3865.09,3865.30,3860.39,3864.92,3041.140,1634718899999,11748126.17074,3853,1208.064,4667199.75777,0
1634718900000,3864.91,3876.19,3863.28,3873.55,6446.592,1634719199999,24958667.42030,6967,3138.929,12152455.51263,0
1634719200000,3873.54,3874.46,3863.44,3864.55,5153.794,1634719499999,19939407.17477,6129,1857.289,7186121.06426,0
1634719500000,3864.55,3866.64,3856.69,3862.46,4546.973,1634719799999,17555297.67972,5973,2216.413,8557623.65569,0
1634719800000,3862.47,3864.78,3856.42,3858.71,5813.581,1634720099999,22442529.56265,5969,2661.738,10277626.15282,0
1634720100000,3858.71,3860.44,3847.54,3853.30,11839.014,1634720399999,45618014.22645,10515,3956.091,15244384.96230,0
1634720400000,3853.31,3857.59,3851.79,3852.80,3047.423,1634720699999,11748530.20452,5171,1490.261,5745601.64921,0
1634720700000,3852.80,3860.71,3846.47,3859.29,6329.333,1634720999999,24380183.11539,8640,3010.604,11600427.20141,0
1634721000000,3859.29,3861.00,3857.01,3860.37,2420.900,1634721299999,9343159.55493,3963,1515.681,5849779.72832,0
1634721300000,3860.37,3862.11,3855.58,3855.96,2147.922,1634721599999,8287730.93371,3471,1014.683,3915272.71043,0
1634721600000,3855.95,3856.72,3851.99,3855.81,1596.342,1634721899999,6153290.16353,4066,859.053,3311375.31891,0
1634721900000,3855.93,3856.14,3851.22,3854.99,1937.393,1634722199999,7465571.53017,3910,930.352,3585438.63591,0
1634722200000,3854.99,3859.10,3853.10,3854.71,2423.297,1634722499999,9344238.08470,4259,1224.436,4721340.39415,0
1634722500000,3854.72,3862.97,3853.38,3861.43,2863.513,1634722799999,11048398.96393,4298,1958.849,7556937.27317,0
1634722800000,3861.43,3865.00,3858.03,3863.75,4162.830,1634723099999,16075747.67669,4734,1957.858,7562021.26085,0
1634723100000,3863.75,3863.79,3858.50,3862.07,1489.308,1634723399999,5750280.91632,3744,998.242,3854367.08595,0
1634723400000,3862.14,3865.77,3860.34,3862.46,1763.704,1634723699999,6813863.90225,3419,848.658,3278835.50361,0
1634723700000,3862.46,3876.95,3862.29,3872.12,6639.454,1634723999999,25703420.60226,8473,4342.692,16811994.65406,0
1634724000000,3872.12,3873.61,3863.77,3868.01,4939.326,1634724299999,19109783.71829,6780,1850.847,7160858.09507,0
1634724300000,3868.00,3869.24,3862.44,3863.32,2262.466,1634724599999,8745517.28080,4465,984.535,3806443.83250,0
1634724600000,3863.32,3866.19,3862.64,3865.03,1076.679,1634724899999,4161062.91606,2941,613.214,2369991.86294,0
1634724900000,3865.03,3866.79,3863.03,3863.37,1268.144,1634725199999,4902054.07561,3102,775.659,2998500.74793,0
1634725200000,3863.37,3864.61,3856.24,3856.99,3867.712,1634725499999,14926534.34607,5394,1671.329,6449296.71721,0
1634725500000,3857.00,3861.00,3855.13,3855.14,2524.278,1634725799999,9739456.42018,3744,1086.078,4191266.78980,0
1634725800000,3855.13,3866.89,3855.05,3866.54,2610.887,1634726099999,10080741.28769,4461,1537.633,5936780.16432,0
1634726100000,3866.53,3867.55,3858.73,3861.06,3162.911,1634726399999,12221264.73343,3925,1501.509,5802159.85119,0
1634726400000,3861.06,3862.10,3855.03,3861.44,1923.708,1634726699999,7422258.37021,3720,934.547,3606020.59418,0
1634726700000,3861.34,3864.07,3855.39,3857.28,2191.550,1634726999999,8458286.68940,3775,1105.900,4268440.74286,0
1634727000000,3857.27,3858.99,3853.11,3856.57,2638.814,1634727299999,10175033.90417,3534,916.310,3533442.25735,0
1634727300000,3856.57,3858.61,3855.00,3857.54,2102.151,1634727599999,8107748.14940,3184,1101.331,4247731.19189,0
1634727600000,3857.54,3860.72,3851.10,3859.56,4140.270,1634727899999,15960661.01904,5590,1587.036,6118883.08020,0
1634727900000,3859.55,3862.60,3857.58,3859.13,2454.965,1634728199999,9477330.72023,3809,1350.530,5214098.02495,0
1634728200000,3859.12,3862.00,3857.02,3857.55,1012.353,1634728499999,3907516.49540,2378,571.278,2205384.18193,0
1634728500000,3857.55,3866.37,3857.55,3866.14,2073.752,1634728799999,8010221.45720,4027,1170.303,4520782.98630,0
1634728800000,3866.15,3867.58,3859.71,3861.01,3221.238,1634729099999,12446260.76164,3909,994.765,3844408.83330,0
1634729100000,3861.01,3862.39,3858.75,3861.59,1761.026,1634729399999,6797928.17821,3030,566.304,2186237.66439,0
1634729400000,3861.60,3867.52,3861.59,3867.24,1940.699,1634729699999,7500713.12711,3070,979.817,3786352.89285,0
1634729700000,3867.24,3871.98,3865.59,3870.41,4982.296,1634729999999,19276531.19675,5258,2847.905,11018727.95386,0
1634730000000,3870.42,3870.43,3866.96,3868.51,1993.998,1634730299999,7714213.36225,3105,932.615,3607982.02295,0
1634730300000,3868.51,3869.24,3863.63,3867.06,2663.181,1634730599999,10295790.47526,3750,846.233,3271909.34545,0
1634730600000,3867.06,3868.70,3865.04,3865.49,956.969,1634730899999,3700432.02222,2336,380.051,1469640.47035,0
1634730900000,3865.50,3865.87,3861.80,3863.89,1558.037,1634731199999,6019955.69977,2662,542.729,2096988.88267,0
1634731200000,3863.89,3876.74,3861.22,3873.97,6750.176,1634731499999,26129619.56917,7077,4553.682,17628861.92084,0
1634731500000,3873.97,3884.42,3871.25,3871.26,9908.249,1634731799999,38423114.63779,11272,4660.172,18075551.16422,0
1634731800000,3871.25,3882.00,3869.18,3880.71,6649.870,1634732099999,25774068.00956,7468,3951.939,15320252.90987,0
1634732100000,3880.72,3887.50,3878.71,3881.22,7549.672,1634732399999,29318212.20123,10012,3281.056,12743191.32618,0
1634732400000,3881.21,3892.00,3880.95,3884.70,5940.440,1634732699999,23092419.82125,8620,3800.647,14775607.80391,0
1634732700000,3884.70,3899.00,3884.70,3894.22,12878.149,1634732999999,50152556.81285,14023,6759.287,26322987.27844,0
1634733000000,3894.22,3934.55,3894.22,3927.29,44581.112,1634733299999,174572991.19677,45229,25552.290,100055777.27471,0
1634733300000,3927.36,3945.09,3926.25,3936.29,30243.412,1634733599999,119045146.04881,31139,15719.435,61879487.18016,0
1634733600000,3936.00,3946.32,3933.81,3936.29,23557.125,1634733899999,92825124.79371,22745,10564.795,41632124.75184,0
1634733900000,3936.30,3955.00,3934.02,3939.14,22707.634,1634734199999,89573320.14757,25488,11685.411,46103009.71284,0
1634734200000,3939.13,3941.13,3930.16,3937.84,14126.213,1634734499999,55578325.76419,14832,6218.336,24465606.04004,0
1634734500000,3937.84,3944.62,3935.55,3936.59,8658.276,1634734799999,34120977.96108,10129,4270.457,16829271.23468,0
1634734800000,3936.59,3947.99,3936.59,3942.38,8383.132,1634735099999,33052107.33667,10769,4384.689,17287792.96326,0
1634735100000,3942.39,3943.91,3930.00,3943.49,12330.537,1634735399999,48538181.16099,12972,6680.409,26300356.53057,0
1634735400000,3943.49,3952.13,3940.09,3950.29,13235.099,1634735699999,52246229.13838,15478,7412.334,29262968.65660,0
1634735700000,3950.29,3951.92,3942.52,3943.69,10659.152,1634735999999,42058521.95117,10673,4259.665,16807994.09983,0
1634736000000,3943.70,3943.72,3940.00,3941.50,3501.224,1634736299999,13799758.23436,6438,1490.258,5873839.04933,0
1634736300000,3941.49,3942.97,3935.02,3936.90,6028.962,1634736599999,23748541.05542,8239,2740.707,10796491.07323,0
1634736600000,3936.80,3949.12,3936.80,3942.77,5177.052,1634736899999,20420564.55585,7985,2646.480,10439176.01410,0
1634736900000,3942.78,3945.52,3940.25,3943.99,3208.864,1634737199999,12650073.42012,5660,1561.011,6153237.78356,0
1634737200000,3943.99,3988.66,3942.79,3986.38,54011.961,1634737499999,214402402.17471,55923,33209.423,131816816.55301,0
1634737500000,3986.42,4003.00,3963.24,3990.11,58077.431,1634737799999,231350382.05345,60953,28471.249,113453893.04985,0
1634737800000,3990.33,4008.70,3987.75,4006.28,37295.649,1634738099999,149130860.09029,43475,19468.670,77858730.49589,0
1634738100000,4006.27,4013.78,3997.43,4012.86,32615.001,1634738399999,130651027.68357,35064,15783.213,63233568.25991,0
1634738400000,4013.19,4029.46,3998.23,4011.58,50753.017,1634738699999,203836842.92172,68366,24189.549,97175299.39775,0
1634738700000,4011.37,4016.00,4006.07,4007.80,20799.097,1634738999999,83421490.11223,22451,10565.384,42378924.32320,0
1634739000000,4007.80,4021.62,4007.19,4015.13,15610.475,1634739299999,62660208.29258,19698,8151.570,32722448.03842,0
1634739300000,4015.12,4017.95,4000.00,4008.52,18336.032,1634739599999,73456271.90034,21719,7472.817,29941397.85653,0
1634739600000,4008.52,4022.56,4007.18,4010.65,16424.085,1634739899999,65952359.45895,19627,8017.150,32195773.77580,0
1634739900000,4010.65,4047.91,4009.61,4040.10,34288.890,1634740199999,138274617.29731,40426,18849.360,76008350.42530,0
1634740200000,4040.10,4055.98,4033.02,4050.82,36831.322,1634740499999,148980156.95916,42192,19264.264,77934122.36684,0
1634740500000,4050.66,4054.83,4042.76,4047.44,21964.758,1634740799999,88952971.15060,24034,7709.511,31226796.64234,0
1634740800000,4047.44,4058.59,4042.07,4055.89,21416.999,1634741099999,86755930.25349,22033,9498.282,38483807.29751,0
1634741100000,4055.89,4070.00,4049.29,4067.21,18960.676,1634741399999,76946160.07794,21623,10640.647,43193289.34361,0
1634741400000,4067.20,4087.90,4062.61,4074.13,35199.889,1634741699999,143546755.41314,38644,17218.018,70220149.04514,0
1634741700000,4074.13,4076.90,4046.72,4054.57,31676.807,1634741999999,128582584.78104,32483,12662.837,51398033.03234,0
1634742000000,4054.58,4068.84,4051.94,4055.15,17163.384,1634742299999,69684231.02977,18477,8794.026,35707176.59392,0
1634742300000,4055.05,4061.92,4045.01,4052.76,12684.396,1634742599999,51388462.57508,15286,5444.206,22056399.77106,0
1634742600000,4052.75,4053.15,4042.10,4047.96,10881.111,1634742899999,44041658.57179,14096,5700.401,23074057.06871,0
1634742900000,4048.00,4048.01,4028.00,4031.27,23717.053,1634743199999,95711596.03837,27952,8789.685,35469389.83635,0
1634743200000,4031.30,4047.87,4021.00,4042.20,21277.303,1634743499999,85816106.57874,28654,10925.947,44080915.22659,0
1634743500000,4042.20,4048.00,4038.27,4043.71,11340.473,1634743799999,45868908.49689,13120,5490.210,22206178.30433,0
1634743800000,4043.71,4058.27,4043.71,4053.32,11627.162,1634744099999,47109122.39845,13248,6098.927,24708865.14369,0
1634744100000,4053.32,4064.44,4053.20,4061.95,10163.083,1634744399999,41259003.49732,12515,5482.226,22256575.14794,0
1634744400000,4061.96,4068.49,4054.90,4066.22,11942.899,1634744699999,48487839.15138,12993,6168.512,25045580.23849,0
1634744700000,4066.20,4078.00,4060.53,4065.46,16333.267,1634744999999,66460267.70446,18298,8701.882,35414456.76386,0
1634745000000,4065.46,4074.90,4064.65,4073.61,7213.216,1634745299999,29367625.58245,9521,3709.792,15104070.04246,0
1634745300000,4073.61,4084.51,4072.00,4083.64,16136.885,1634745599999,65822639.00647,16639,7757.775,31645225.27155,0
1634745600000,4083.77,4095.25,4057.41,4080.18,43583.267,1634745899999,177779530.65644,36541,20390.147,83175728.46965,0
1634745900000,4079.98,4081.80,4069.58,4075.54,12974.849,1634746199999,52882454.89734,14630,4980.179,20297188.00889,0
1634746200000,4075.54,4093.00,4068.82,4091.31,16148.662,1634746499999,65936926.00659,16749,8678.864,35437717.61717,0
1634746500000,4091.32,4106.89,4089.00,4097.91,29149.142,1634746799999,119439337.21190,31039,16209.500,66424879.99965,0
1634746800000,4097.91,4120.63,4097.91,4115.08,25167.538,1634747099999,103428145.51480,27557,14795.878,60804091.78781,0
1634747100000,4115.09,4115.46,4089.36,4093.55,19986.181,1634747399999,81994065.37410,21372,7316.654,30016571.49158,0
1634747400000,4093.45,4107.68,4090.02,4101.32,16094.213,1634747699999,65953167.48430,17153,7252.392,29727549.72258,0
1634747700000,4101.32,4101.32,4081.18,4087.27,12128.936,1634747999999,49603045.91949,13736,4829.806,19754762.98628,0
1634748000000,4087.27,4092.80,4070.12,4078.65,14384.772,1634748299999,58720627.97467,15020,5388.840,22008586.34919,0
1634748300000,4079.07,4090.76,4075.26,4087.12,9899.660,1634748599999,40436082.13726,11321,5819.267,23773643.76286,0
1634748600000,4087.12,4089.13,4080.00,4084.92,6101.076,1634748899999,24919853.15783,7453,2642.014,10790954.74586,0
1634748900000,4084.89,4085.92,4080.58,4082.93,4299.112,1634749199999,17556419.65422,6310,2142.706,8750311.48339,0
1634749200000,4082.93,4087.38,4062.58,4075.34,16828.881,1634749499999,68520060.88374,16774,7870.151,32047362.62489,0
1634749500000,4075.34,4088.40,4074.33,4076.46,8666.755,1634749799999,35357275.94909,10544,3469.060,14153771.38813,0
1634749800000,4076.45,4083.04,4066.69,4069.13,9939.735,1634750099999,40492390.21118,11589,4488.276,18286129.30756,0
1634750100000,4069.12,4078.58,4060.00,4068.07,12818.999,1634750399999,52131508.01854,13708,5809.492,23631606.06646,0
1634750400000,4068.10,4077.78,4067.90,4076.25,6203.579,1634750699999,25275438.77254,8523,3284.558,13382719.68336,0
1634750700000,4076.26,4080.10,4072.81,4078.00,5324.372,1634750999999,21706527.05220,7062,3180.818,12969884.46362,0
1634751000000,4078.00,4078.89,4072.31,4077.47,3536.812,1634751299999,14411854.61190,5996,1853.441,7552878.12785,0
1634751300000,4077.48,4080.00,4070.26,4078.93,3313.882,1634751599999,13505136.24404,5421,1570.352,6400147.05839,0
1634751600000,4078.93,4090.32,4076.61,4084.63,5693.290,1634751899999,23253413.31651,7840,3701.777,15119262.96132,0
1634751900000,4084.62,4085.95,4080.64,4083.77,3057.659,1634752199999,12486764.60978,5524,1584.930,6472598.85227,0
1634752200000,4083.77,4083.77,4073.72,4077.32,3558.411,1634752499999,14509237.81156,5430,1255.768,5119999.38666,0
1634752500000,4077.32,4083.27,4075.71,4081.20,2653.724,1634752799999,10828711.30178,4712,1268.858,5177917.17311,0
1634752800000,4081.19,4086.62,4077.83,4086.24,3439.186,1634753099999,14042928.40933,5800,1651.608,6743967.78379,0
1634753100000,4086.03,4093.74,4085.84,4093.74,5616.795,1634753399999,22975534.81666,7268,3108.329,12715252.21691,0
1634753400000,4093.74,4103.00,4092.40,4100.83,11379.685,1634753699999,46620757.15169,10669,7438.263,30472917.81919,0
1634753700000,4100.81,4105.00,4097.20,4099.46,10733.455,1634753999999,44032141.27122,9997,4745.641,19469328.37895,0
1634754000000,4099.45,4101.68,4088.84,4093.92,4870.988,1634754299999,19941776.03319,7956,1938.071,7934969.39981,0
1634754300000,4093.99,4111.21,4093.73,4107.00,9552.972,1634754599999,39203741.58374,9934,6665.242,27353750.71582,0
1634754600000,4107.01,4115.00,4104.13,4112.71,9956.016,1634754899999,40917980.73211,12219,5071.042,20842600.47148,0
1634754900000,4112.71,4127.74,4108.51,4121.38,13815.694,1634755199999,56916834.68045,13468,10051.734,41420265.35897,0
1634755200000,4121.37,4126.98,4113.82,4121.91,11927.467,1634755499999,49156668.35782,12170,5041.190,20774301.88485,0
1634755500000,4121.91,4122.19,4110.62,4115.30,7853.726,1634755799999,32325944.50067,9732,2548.124,10488526.56527,0
1634755800000,4115.31,4119.50,4112.61,4119.50,4396.545,1634756099999,18093780.17193,6077,2381.169,9800027.86222,0
1634756100000,4119.50,4137.62,4119.49,4125.97,13695.077,1634756399999,56552805.59563,18163,7140.468,29485107.85190,0
1634756400000,4125.98,4137.23,4125.74,4136.62,7510.185,1634756699999,31035645.51434,9850,4451.126,18395297.31316,0
1634756700000,4136.62,4143.23,4127.04,4129.65,13860.973,1634756999999,57315303.66387,17421,6982.325,28878204.82500,0
1634757000000,4129.74,4130.79,4120.00,4126.43,7400.872,1634757299999,30522389.14870,9599,2713.303,11190789.94474,0
1634757300000,4126.44,4132.77,4126.43,4128.60,5754.608,1634757599999,23764501.20892,7816,2358.338,9739378.69777,0
1634757600000,4128.59,4131.64,4112.02,4118.00,9835.000,1634757899999,40514966.83020,12135,3638.729,14988542.74636,0
1634757900000,4118.01,4118.81,4102.00,4113.97,14649.845,1634758199999,60217897.13033,13221,5719.847,23512891.74257,0
1634758200000,4113.97,4117.32,4111.19,4113.64,3768.967,1634758499999,15505149.16462,5073,1487.930,6121817.42727,0
1634758500000,4113.64,4115.88,4102.12,4110.52,7547.678,1634758799999,30995487.10976,8797,3402.001,13972213.33236,0
1634758800000,4110.52,4114.32,4100.01,4104.72,5716.589,1634759099999,23476771.90564,7278,2841.888,11670711.73566,0
1634759100000,4104.72,4108.91,4101.97,4108.61,4440.055,1634759399999,18229319.29788,6115,1953.102,8018922.10867,0
1634759400000,4108.61,4117.63,4108.26,4111.29,6315.299,1634759699999,25979117.74251,6624,3485.577,14337374.10825,0
1634759700000,4111.29,4116.21,4104.38,4104.62,4508.860,1634759999999,18535404.02225,5832,1917.405,7882667.63333,0
1634760000000,4104.78,4114.34,4104.66,4112.70,4512.334,1634760299999,18547755.96939,6163,1760.230,7234460.81959,0
1634760300000,4112.70,4117.53,4107.81,4117.05,5627.746,1634760599999,23153228.93852,5977,1922.038,7906337.18936,0
1634760600000,4117.05,4118.94,4098.17,4100.72,6820.717,1634760899999,28006981.84703,8236,2465.258,10124704.07227,0
1634760900000,4100.72,4108.32,4080.99,4086.77,17571.517,1634761199999,71936352.23367,19232,6915.115,28315033.54038,0
1634761200000,4086.76,4092.12,4072.36,4085.29,14536.270,1634761499999,59341717.70895,16501,5302.654,21651474.92814,0
1634761500000,4084.61,4098.86,4082.70,4083.00,6532.194,1634761799999,26727946.07964,9466,3490.214,14280610.52640,0
1634761800000,4083.01,4093.86,4080.18,4093.52,5876.561,1634762099999,24018697.26157,7950,2759.711,11281153.16698,0
1634762100000,4093.53,4106.29,4092.34,4097.31,6993.257,1634762399999,28674494.90734,8524,4000.936,16406028.92506,0
1634762400000,4097.30,4103.00,4090.47,4093.58,4250.655,1634762699999,17409889.04866,6092,2027.509,8304611.06880,0
1634762700000,4093.58,4105.39,4093.09,4100.42,3895.057,1634762999999,15967620.46317,6140,1817.745,7451590.47758,0
1634763000000,4100.42,4122.40,4100.42,4108.17,8746.648,1634763299999,35973612.41142,11351,5579.243,22948845.78364,0
1634763300000,4108.16,4118.32,4105.06,4114.23,4755.112,1634763599999,19557133.64157,6504,3037.684,12495045.79916,0
1634763600000,4114.23,4116.73,4107.01,4110.08,3850.662,1634763899999,15833970.53135,5896,1369.176,5630429.40752,0
1634763900000,4110.09,4119.45,4109.70,4117.81,4692.105,1634764199999,19308925.64149,5959,2751.552,11325154.24215,0
1634764200000,4117.80,4138.54,4117.80,4137.97,10752.421,1634764499999,44419982.89642,13100,5409.691,22342724.33625,0
1634764500000,4137.96,4138.00,4126.00,4126.55,6763.441,1634764799999,27946814.62926,8863,2397.233,9905828.14690,0
1634764800000,4126.55,4145.00,4126.00,4141.10,7663.795,1634765099999,31723060.70582,11456,4398.543,18206241.33756,0
1634765100000,4141.10,4147.68,4139.00,4145.13,6529.157,1634765399999,27051708.81909,10474,3053.066,12651187.54341,0
1634765400000,4145.12,4146.00,4131.21,4134.27,6469.335,1634765699999,26777709.48153,10751,2209.390,9147971.98471,0
1634765700000,4134.26,4142.39,4131.43,4132.20,4719.013,1634765999999,19521262.42952,7988,2231.629,9232274.92195,0
1634766000000,4132.20,4132.21,4107.00,4119.01,13620.990,1634766299999,56114755.58181,16506,4462.711,18381072.56004,0
1634766300000,4119.02,4132.06,4117.89,4121.36,9407.878,1634766599999,38817095.87290,9560,3860.628,15926166.35027,0
1634766600000,4121.35,4129.00,4119.00,4126.45,2890.196,1634766899999,11921160.06177,5801,1296.819,5348988.86894,0
1634766900000,4126.46,4126.46,4115.58,4121.05,2886.144,1634767199999,11893569.76164,4998,1224.527,5046624.10840,0
1634767200000,4120.93,4120.93,4096.23,4111.82,14559.859,1634767499999,59811645.30883,15060,7122.770,29261582.02731,0
1634767500000,4111.82,4126.81,4111.54,4119.40,5274.197,1634767799999,21731496.23366,8170,2726.497,11235124.60486,0
1634767800000,4119.48,4130.00,4108.46,4127.35,5909.400,1634768099999,24351384.08494,8382,2764.784,11396399.55210,0
1634768100000,4127.35,4130.39,4121.00,4129.56,2864.999,1634768399999,11819588.44731,5878,1734.114,7154464.69865,0
1634768400000,4129.56,4135.74,4121.72,4126.24,6453.272,1634768699999,26639790.52352,7722,2602.050,10746627.38295,0
1634768700000,4126.25,4129.50,4119.19,4122.82,4833.581,1634768999999,19926071.59217,5860,2403.894,9910717.06942,0
1634769000000,4122.83,4137.72,4122.83,4130.01,4300.657,1634769299999,17769670.98659,6163,2582.380,10670160.94566,0
1634769300000,4130.55,4132.25,4127.00,4127.00,2119.367,1634769599999,8751294.03217,3140,921.065,3803488.95535,0
1634769600000,4127.01,4142.63,4126.55,4136.93,6612.125,1634769899999,27348909.94064,6751,3402.586,14073486.17154,0
1634769900000,4136.93,4136.94,4129.57,4132.18,3437.505,1634770199999,14207057.56789,4678,1368.752,5657125.67182,0
1634770200000,4132.18,4136.31,4123.31,4125.22,4416.901,1634770499999,18236446.91850,5654,1777.780,7341419.11019,0
1634770500000,4125.26,4132.20,4122.31,4129.29,2988.401,1634770799999,12335361.00759,4640,1719.750,7099258.35040,0
1634770800000,4129.30,4146.73,4129.04,4142.36,7814.950,1634771099999,32357267.69623,9157,4477.339,18539473.98404,0
1634771100000,4142.37,4147.00,4140.00,4145.13,4209.637,1634771399999,17445797.12978,5972,1821.859,7550567.95443,0
1634771400000,4145.12,4155.06,4135.97,4138.13,10664.908,1634771699999,44211245.12441,13021,5374.825,22292770.47640,0
1634771700000,4138.12,4138.12,4127.28,4131.50,6159.504,1634771999999,25450342.47987,7409,2566.230,10602540.85688,0
1634772000000,4131.50,4145.01,4130.25,4144.39,3343.562,1634772299999,13833491.32026,5927,1804.217,7462969.22008,0
1634772300000,4144.38,4153.74,4143.91,4152.96,8777.092,1634772599999,36419296.79943,9602,4454.519,18484083.37012,0
1634772600000,4153.04,4165.00,4145.85,4164.70,11401.102,1634772899999,47375300.70276,14567,7208.858,29962615.48027,0
1634772900000,4164.76,4171.14,4160.11,4162.68,11232.465,1634773199999,46783721.92856,16348,5868.053,24441522.45467,0
1634773200000,4162.92,4163.75,4155.63,4155.91,6598.533,1634773499999,27443407.91405,8170,2286.374,9510398.99882,0
1634773500000,4155.91,4163.30,4152.21,4163.00,5530.273,1634773799999,22985165.60802,8061,2415.954,10044264.29698,0
1634773800000,4163.07,4173.50,4161.14,4163.15,8853.873,1634774099999,36908921.46003,10981,4347.336,18123590.17143,0
1634774100000,4163.16,4166.48,4153.74,4164.14,8466.874,1634774399999,35216967.96575,8745,4220.297,17553340.66070,0
